Unnamed: 0,.orientation.x,.orientation.y,.orientation.z,.orientation.w,.angular_velocity.x,.angular_velocity.y,.angular_velocity.z,.linear_acceleration.x,.linear_acceleration.y,.linear_acceleration.z,emg_0,emg_1,emg_2,emg_3,emg_4,emg_5,emg_6,emg_7,.orientation.x.1,.orientation.y.1,.orientation.z.1,.orientation.w.1,.angular_velocity.x.1,.angular_velocity.y.1,.angular_velocity.z.1,.linear_acceleration.x.1,.linear_acceleration.y.1,.linear_acceleration.z.1,emg_0.1,emg_1.1,emg_2.1,emg_3.1,emg_4.1,emg_5.1,emg_6.1,emg_7.1,pos_1,pos_2,pos_3,pos_4,pos_5,pos_6,pos_7,pos_8,pos_9,vel_1,vel_2,vel_3,vel_4,vel_5,vel_6,vel_7,vel_8,vel_9
0,-0.4582737768187319,0.1784752961398471,0.4848253342129978,0.723240008194613,-13.3125,-8.4375,3.0,0.7734375,0.63134765625,0.31689453125,2.030753699539072,7.5800094827117,12.95168143372588,14.704834296825457,5.815714054427724,2.9613722009698105,2.181539329312686,1.6288211269807218,-0.464773619801041,-0.7141583880882444,0.2353469570522408,-0.4675201480861424,28.375,-4.125,-8.6875,0.8271484375,0.513671875,-0.2705078125,2.6662139097652826,1.3746734542789465,0.9459626106175298,2.962902713697871,2.639848046246307,2.2723637828511163,1.5770281257319974,1.5592090989300462,0.0010096234662968,-0.7843147814812341,-0.0012017943356298,-2.355070033320455,-0.0029733597120361,1.572467032866811,0.7947727781797834,0.0404733201464668,0.0404733201464668,-0.000159193251313,-0.000381404006808,-0.0017967758522601,-0.0010242842060951,-0.0007000555104231,-0.0005741847595034,0.0004230555032909,0.0,0.0
1,-0.4562603417756555,0.1814664877724446,0.4836054431957884,0.7245841494607098,-13.625,-9.25,-14.8125,0.87890625,0.4189453125,0.49560546875,2.2783311778245765,6.176374069075005,10.889547952857605,12.770507028078134,5.4259026541116,3.0317077335091804,1.7822326972000455,1.1887788808500444,-0.4643330470777833,-0.7168843284668299,0.2333871677215356,-0.4647602725417086,9.3125,-9.4375,-9.6875,0.869140625,0.57421875,-0.2080078125,2.86946758957507,2.0266147201577414,1.459257521935761,4.2554839364792905,2.0501391049606967,2.604198508454304,1.5695100819649286,1.7546419325999498,0.0010105476593124,-0.7843168496830045,-0.0012004376302091,-2.355066292016756,-0.0029712254277407,1.572467893148664,0.7947735963019141,0.0404731578139261,0.0404731578139261,0.0004443045036039,-0.0001582129166843,0.0008586481360524,0.0008137192978551,0.0001231403430121,0.0006071406063704,-0.0003414221732194,0.0,0.0
2,-0.4536129348329598,0.1811522054069193,0.4829708225690542,0.7267450504650232,-4.8125,0.375,-28.0625,0.796875,0.38525390625,0.47998046875,2.2049466971745435,4.82962695014819,7.52607198648303,8.185501982054259,3.985652281205399,1.9441109763222144,1.46104733182336,1.2853065171552562,-0.4669479474984643,-0.7168697675228024,0.2335655202034535,-0.4620654699399912,-14.5,-7.75,-10.4375,0.8955078125,0.50537109375,-0.14306640625,2.508929787223044,2.4654692440258685,2.992126326062091,3.583788629124684,2.3761997103198835,1.7033324326084969,1.3080710087747265,1.5907186997305154,0.001009493097901,-0.7843145028815222,-0.0012006809600283,-2.355070348376047,-0.0029744770974583,1.5724695076900028,0.7947740362164296,0.0404735245880319,0.0404735245880319,-0.0001312527315907,0.0005401240979983,0.0016286745511534,-0.0055149519198585,-4.801924036676976e-05,4.566569155693458e-05,0.0005630285934706,0.0,0.0
3,-0.450577105505749,0.1781067453082871,0.484696937797501,0.7282356334041034,11.1875,1.125,-31.875,0.69921875,0.44384765625,0.47216796875,2.033377322249582,4.598675820487825,7.389377463349758,9.227904494527465,3.8562301601549263,1.7054318224788672,1.24534187681825,1.1943088915610094,-0.4712256969683636,-0.7152304031566188,0.2353992375608054,-0.4593245169516778,-31.5,-5.5625,-13.125,0.89794921875,0.3984375,-0.14892578125,2.914212769194761,2.3101484210997443,3.782062860929564,5.017964547210188,3.451324111576924,2.0077520135835614,1.354328569966362,1.7879179507746796,0.001010363359465,-0.784316639128601,-0.0012014868661974,-2.35506997682405,-0.0029721209512732,1.5724681657625523,0.7947727244183521,0.0404734929417958,0.0404734929417958,-0.0010316122907874,0.0004757602603856,-0.0016152559673219,-0.0042198539425747,-0.0011685943046134,-0.0011380853882977,-0.0016296311664363,0.0,0.0
4,-0.4500325308834998,0.1750567338361423,0.488486415931188,0.7267784274013065,28.8125,3.0625,-17.1875,0.79345703125,0.49853515625,0.46533203125,2.087406188252717,4.551901241377002,8.495874158278408,10.265458818403095,3.878856183542683,1.4483665852323988,1.239632479860702,1.117913403868518,-0.4747044795639277,-0.7137656066469703,0.2375963665392608,-0.4568832262812501,-29.8125,-5.3125,-13.9375,0.921875,0.33544921875,-0.17333984375,3.0015023129039164,2.4008944167333497,3.886069671993952,5.7718795323824255,3.4222740734127166,2.040614573954403,1.4880071782199709,1.8133046103512385,0.0010099005483982,-0.7843142051754384,-0.0012026030810461,-2.355069004643813,-0.0029721595887839,1.572467721221195,0.7947753390978635,0.0404736760617462,0.0404736760617462,0.000397677126209,-0.0001729953929918,0.0019634734092102,0.0016289392187903,0.0018170232152888,-0.0007771889057968,0.0020701319763202,0.0,0.0
5,-0.4519242330597547,0.1707228632993158,0.4926975161072853,0.7237868119425408,43.0625,11.3125,-9.0625,0.86767578125,0.5361328125,0.5361328125,2.265411007495052,5.051491374669405,9.301887692067403,14.044074765507755,5.016694349516568,1.897904042903536,1.1603875816933231,1.139303465844215,-0.4765976238439045,-0.7129739328652187,0.2387565507078184,-0.4555416396940586,-17.1875,-2.875,-14.8125,1.0048828125,0.33203125,-0.16796875,3.445893891647791,2.528705064645927,4.209698926573679,6.320219582586548,3.75375130763558,2.5465925193139336,1.8117347599648823,2.049345001011372,0.0010111422687421,-0.7843139152559053,-0.0012023422058843,-2.3550690881950587,-0.0029710095724243,1.5724677429906628,0.7947742437619494,0.040473917105514,0.040473917105514,-0.0015849297600127,0.0009532898572903,-0.0049117215404054,-0.0008940822562091,-0.0022725787032782,0.0003880271683739,-0.0034438824536,0.0,0.0
6,-0.4521034380539248,0.1627865356135841,0.4980645409099536,0.7218273603922931,53.375,16.375,-27.5625,0.88134765625,0.6103515625,0.60009765625,2.7606141026640856,5.651938973445896,9.96473714039486,15.511986054362882,5.281619662711433,1.997421161562978,1.344791428306532,1.4968979221212797,-0.4767911232342369,-0.7150035853416649,0.2366866328600065,-0.4532323196540506,3.9375,-4.5625,-23.4375,1.00390625,0.45556640625,-0.22119140625,4.114999791067717,3.639416840354293,4.965441886689455,7.31803362358497,4.665416308262157,2.9722348225399644,2.364086762208581,2.689469055740183,0.0010125392106898,-0.7843140352581611,-0.0012028479021165,-2.3550678621925587,-0.0029698645796676,1.572468648912596,0.7947737978045889,0.040473420480591,0.040473420480591,0.0017761995286754,1.9807538792241856e-05,0.0020940170837155,0.000180671342092,0.0018233342257239,-0.0008454842865321,0.0025289099509608,0.0,0.0
7,-0.450394710197062,0.1537531203396665,0.504473814850077,0.7204240092771275,55.8125,15.5625,-42.0,0.93115234375,0.67333984375,0.595703125,3.5377729672054543,7.297850850120496,12.723181392718075,19.15657802942131,6.367099044657179,2.539322548149367,1.6926061019452414,2.1200660397494886,-0.4767845155041422,-0.7191438743196759,0.2316787021062114,-0.4492589373561176,17.125,-7.9375,-30.375,0.904296875,0.60546875,-0.24072265625,3.875735680410692,3.779777260992681,5.776725132067236,7.753977990413982,4.889942213781413,3.087603526290164,2.580626620803348,2.6156128080886947,0.0010077393909128,-0.7843116787035789,-0.0012070086739478,-2.3550717852329104,-0.0029754838422398,1.57246873355892,0.7947715528241794,0.0404735131926589,0.0404735131926589,-0.0008567316092863,0.0001971349056821,-0.0026976495810477,-0.0012729969153679,-0.0018595642454824,0.0003855795752103,-0.0036244837332052,0.0,0.0
8,-0.4473518627476426,0.140938115852682,0.5118086190665826,0.7197671122281624,60.6875,29.75,-58.8125,1.03466796875,0.85986328125,0.57421875,4.300235700067707,9.045341795084283,14.980963824654603,21.94216833524241,7.187352056582939,2.8189356356871342,2.0177035577600764,2.610174909395913,-0.4785619800605471,-0.7225120163189334,0.2246024852216316,-0.4455429734016062,15.375,0.25,-36.0625,0.89599609375,0.7109375,-0.19189453125,3.8817621276626384,4.0247770783531545,6.669289749359843,7.51010182174834,5.190225796818432,3.218313615407137,2.9635483464809966,2.7368269613190117,0.0010184966260689,-0.7843195314785193,-0.0011941703123734,-2.355060293884334,-0.0029658011474811,1.572467372448648,0.7947694422936692,0.0404732291223574,0.0404732291223574,2.8714885848168125e-05,0.0015452110050833,-0.0017458828042455,-0.0013431876265185,-0.0007895325603763,0.0003274906397555,-0.00026911040548,0.0,0.0
9,-0.4485070175164958,0.1248226525341908,0.5109488627695409,0.7226285493165207,29.25,79.0625,-54.375,1.06201171875,0.9296875,0.63818359375,4.756280148702862,10.806315766777509,16.888460168038254,24.19151151263285,8.002754928087015,3.1848276652737963,2.2453086604475945,2.9182170905343296,-0.482386534108019,-0.7233967091070787,0.2161096555258723,-0.4441813253084719,11.625,13.3125,-43.6875,0.9228515625,0.65283203125,-0.03955078125,4.01761235348504,4.049548806506711,7.6310882851541075,8.51145901307442,5.710024222232295,3.6076982251481033,3.044290984734682,2.709959129234486,0.0010056872709492,-0.7842955029599307,-0.0011859609940559,-2.355084737518666,-0.0029631585857606,1.5724653581002703,0.794858567975411,0.0404736692751967,0.0404736692751967,0.0028314490940261,-0.0018232465324347,0.003322778983301,0.0025631269058061,0.0033446854446791,-0.0012395973162906,0.002197587794067,0.0,0.0
10,-0.4512304668809921,0.1042474824067002,0.504330765296583,0.7288168544604257,8.5625,114.625,-59.1875,0.796875,0.923828125,0.6123046875,5.577053428640525,12.295050613720823,19.62160384638477,26.61624334009983,9.038418674917368,3.6641283435728886,2.780247979768553,3.5921553258021817,-0.4857005466785342,-0.7241564446268922,0.2042774226857318,-0.4449305083295444,24.5625,30.4375,-52.375,0.8857421875,0.61572265625,-0.0126953125,4.274202734638765,4.183924364743238,8.56346918235998,8.604263664707174,6.011795642254492,3.90442642875058,3.1114969437750712,2.8468334662113266,0.001101809180974,-0.784394448306613,-0.0011012472715011,-2.3549738244328307,-0.0029034521278413,1.5724601287963662,0.794730611194837,0.0404732669462649,0.0404732669462649,-0.0074976936154729,0.0032451293800451,-0.0149637782050829,-0.0067589142210442,-0.0096710277234496,0.0024631915489003,-0.0124309387406964,0.0,0.0
11,-0.4548576246337152,0.0784342522348797,0.4951429215014355,0.7360612044361207,7.8125,146.5625,-70.9375,0.71240234375,1.01123046875,0.61181640625,6.5087602065075325,14.475873184066668,22.88878053464439,28.23186302960274,9.727026799234652,4.016159924707296,2.902289908939063,3.897679215395451,-0.4880188205192118,-0.7250704837128861,0.1890798281601448,-0.4476150612416082,43.5,40.1875,-63.25,0.923828125,0.5908203125,0.09228515625,4.54435387481218,4.702893311336879,9.043854797315293,8.811465890740168,6.429299717182194,3.9802395434707383,3.218644814206426,3.029560270996728,0.0034355852887368,-0.7841547954966006,0.0047553714703752,-2.3538992090290507,0.0010503520393268,1.5714488230918895,0.8036389141748832,0.0404734634420941,0.0404734634420941,0.0481274600293407,-0.0051425318936484,0.1081516227439582,0.0299403481150396,0.073996170390109,-0.0171903393989988,0.1327901439534419,0.0,0.0
12,-0.4582745963563538,0.0427877586635327,0.4851313920938066,0.7435059747225287,29.0625,189.3125,-99.125,0.56884765625,1.0546875,0.625,7.047093539405799,15.35174576446644,24.44994808643578,29.049202637901384,9.98241255357786,4.21088200581819,3.0939165007149403,4.063618410203379,-0.4899001713049687,-0.7227965278142201,0.1725361634831377,-0.4558445720040876,47.1875,69.5,-62.75,0.9072265625,0.35546875,0.20703125,5.164182539996783,5.083897902532487,8.815987926328884,8.889298902686578,6.707629117925467,4.052744383201464,3.2669945884462743,3.288148834849093,0.0249723764466579,-0.7876739841368663,0.0505754613241125,-2.339862106814905,0.0332944955195267,1.5632715003815,0.8578705430995363,0.0404730221300267,0.0404730221300267,0.1055887145064531,-0.0211598062216001,0.2204591862825313,0.0747915423278259,0.1576183945537921,-0.0443376936894873,0.2710918309330164,0.0,0.0
13,-0.452956284009166,0.0018311128581424,0.4709622271142333,0.756982055556081,4.6875,197.6875,-162.4375,0.1923828125,1.15234375,0.61083984375,7.565338855853491,17.23905383600821,27.706086302181863,32.24757609293241,11.089821373563916,4.654748401072386,3.3455517190272266,4.377060134071966,-0.4909517266596133,-0.7140894084929732,0.1699166592516613,-0.4692238779909382,-3.625,74.0625,3.375,0.8623046875,0.06005859375,0.13427734375,5.399720110645418,5.512643357290276,9.310658259340348,9.475772455914004,7.419339355826761,4.154535310119027,3.40905462387267,3.511399277491561,0.0473338163593283,-0.7928515648956251,0.0972530340207018,-2.323791961758721,0.0673848839577732,1.5524861038374052,0.9186813947214478,0.0404736206817031,0.0404736206817031,0.0947160546731174,-0.022623497659164,0.1919486301656879,0.0664753731659774,0.1410011344879051,-0.0455803064751302,0.2478923407896549,0.0,0.0
14,-0.4387807338295417,-0.0405272509754925,0.4401845392097169,0.7823468418732878,-93.75,216.5625,-229.0625,-0.67724609375,0.66845703125,0.4375,8.298399549921584,19.686283417137805,29.763966131381167,34.72216809665741,11.83387566609428,4.930715734755583,3.546466942059661,4.591122226487164,-0.4995599615156331,-0.699017744561826,0.1661944746740463,-0.4839353616197256,-32.125,84.375,-3.125,1.1923828125,0.41259765625,0.54345703125,5.446770831402128,5.384065177804358,9.9426392276965,11.42964679405638,8.6183889060427,4.274487012616213,3.454558635316588,3.420261858227048,0.0698912018869589,-0.7983012654350357,0.1444425098756838,-2.30785820638073,0.1014534776165048,1.5422880224172368,0.978941953215945,0.0404733539978903,0.0404733539978903,0.0952309833093831,-0.0251733299375265,0.2019926757685472,0.0674058325161859,0.1443297901382944,-0.046932785106943,0.2495820096533214,0.0,0.0
15,-0.4259164477662609,-0.0863674080810059,0.4156622254640637,0.7989748210461959,-33.4375,219.125,-207.3125,-0.86865234375,0.763671875,0.6826171875,8.955908358259135,21.50702115124975,32.70636719281756,39.35817019474834,12.832532132858136,5.4768182275747606,3.905935781303236,4.979065739960648,-0.5143754886026289,-0.6801376892486589,0.1523962500048368,-0.4996058079854201,-55.0625,160.5625,-35.125,1.03271484375,0.580078125,0.580078125,5.637125315023146,5.6988559572884645,10.235997776101426,13.42481834143674,9.826860929721835,4.7124791241143615,3.831329181238877,3.613794654767225,0.0923631794501321,-0.8037872244267166,0.1914348804767383,-2.2918697797121355,0.1357097272185804,1.5311509467672375,1.0392984410240476,0.0404733238433109,0.0404733238433109,0.0955211834121259,-0.0218606969021288,0.2073063308612817,0.0683870221820537,0.1483391520152143,-0.0481520487739512,0.2592290385490683,0.0,0.0
16,-0.409309252252402,-0.1423976268274461,0.4156570247299221,0.7996362233460661,143.1875,211.5625,-204.75,-0.40087890625,0.67041015625,0.5068359375,9.571349767752643,22.706436317600765,35.62592495343391,42.98729353595376,13.672901478250523,5.936859819275035,4.176957449777001,5.09531085750382,-0.5357944334591555,-0.6538291110203819,0.1404331918657611,-0.5154709858749319,-108.75,184.6875,-37.0,0.7861328125,0.6220703125,0.5703125,6.145700161375843,6.401979316706036,10.717917737198716,15.779721416734631,11.792839536671597,5.466715470055844,4.096853380562618,3.8189437255331256,0.1148987301864217,-0.8087173659666496,0.2384406344158709,-2.275906596866339,0.1697801327296985,1.5210147928038646,1.1000493951011292,0.0404733293496912,0.0404733293496912,0.0930080350011788,-0.0240249584611335,0.1934624138232672,0.0649017907773535,0.1427431564434873,-0.0428546756326005,0.2519575690994731,0.0,0.0
17,-0.3775636945753901,-0.2110596921826218,0.423034912237638,0.7962040730255356,226.125,221.4375,-290.375,-0.3818359375,0.83837890625,0.31689453125,9.64892443149231,22.72297327862349,35.28828223437124,42.28411296849064,13.378518147839442,5.899388852361009,4.185409272852628,5.130340642058416,-0.5602188024111574,-0.6179557004480847,0.1353094111499658,-0.5347681824519622,-166.375,206.8125,-2.1875,0.7802734375,0.58984375,0.693359375,6.276463201776184,6.491529751435134,10.71248588233182,17.033457798241606,13.075068733003793,5.692531393596775,4.031947785090427,3.873800410399325,0.1373622759235113,-0.8146328014098663,0.285482056805544,-2.2598719037034205,0.2038353287387693,1.5103749900014956,1.160569927933906,0.0404733148216904,0.0404733148216904,0.0970800023212753,-0.0217415034440251,0.2004012832894724,0.0698526336240838,0.1495415659074376,-0.0424090425133017,0.2607360957425489,0.0,0.0
18,-0.3400987404660174,-0.2785733401807077,0.4245130545479452,0.7915291576387856,207.75,214.75,-315.375,-0.75390625,1.00927734375,0.40380859375,10.157514875847264,23.185306086344003,35.367054795182355,41.29837783927351,13.109052781420344,6.283922234516671,4.961278749378165,5.3694144030417545,-0.5854246080747272,-0.5768190128142459,0.1318303954797133,-0.554236954329295,-193.0625,220.6875,6.75,0.8173828125,0.67578125,0.70751953125,5.960333112938654,6.252579251677013,10.849942391989778,18.743829744891087,14.363912967473,5.681751704860905,3.864236151252737,3.638627963420693,0.1598983088834334,-0.8193266116362581,0.3325022723510349,-2.2439745935583684,0.2377463505918032,1.5000619344425636,1.221265222111834,0.0404735332670694,0.0404735332670694,0.09285773987321,-0.0196712272779109,0.1963424802618229,0.0668875143542016,0.1406323084456979,-0.0420718953038283,0.2573522669117125,0.0,0.0
19,-0.3048143912096751,-0.3374076801375819,0.4213323473208624,0.7846803791332765,172.3125,195.375,-290.0,-0.70703125,1.0615234375,0.4228515625,10.255011099536585,22.997950297493308,34.65313411711065,40.31522370924152,12.831715554872332,6.740979882328616,5.831957734435399,5.506928448813547,-0.6105618705741981,-0.5300609602096072,0.127312281289262,-0.5744920919347187,-209.1875,247.6875,9.0,0.91064453125,0.62939453125,0.65283203125,5.74070669737153,5.715570018155454,10.567937711134109,18.868118963328996,14.442156465737217,5.571602990504968,3.695688216067161,3.5329148809851154,0.1821676001165644,-0.8251146317530162,0.3794627455556726,-2.227880710541704,0.2715226130499144,1.4892652797043364,1.2820383183532111,0.0404734048625016,0.0404734048625016,0.0957034821912744,-0.0266380533778542,0.1981240567919048,0.0677822432066085,0.1416456378755136,-0.0431809438991887,0.2589606156463501,0.0,0.0
20,-0.2801618705013202,-0.3890526715850577,0.4094391780659816,0.7762131823889518,105.1875,209.125,-241.25,-0.61865234375,0.9736328125,0.44775390625,10.35646374816016,22.50536297716115,33.10991033470897,38.25513561236791,12.158931845197234,6.944485249514184,7.054618653869164,5.475757207430448,-0.632668098716273,-0.4796583627060766,0.120845343956996,-0.5958651985111879,-205.5,269.125,17.25,0.98681640625,0.49560546875,0.7578125,5.871552321208485,5.705558281380086,10.008621018249473,19.28382644327167,14.60665190998716,5.552422857632491,3.611145122390628,3.5254518433363704,0.2048326750868691,-0.8305484535912226,0.4266747731383115,-2.2117799144098047,0.3059239279870539,1.4791961860967815,1.3429293599309642,0.0404739742381212,0.0404739742381212,0.0952239404975206,-0.0230168235198382,0.2033218076959451,0.0665880099685112,0.1474756470899586,-0.0448044731173339,0.2581866215986247,0.0,0.0
21,-0.2658117356616151,-0.4330503477655935,0.3945976741796422,0.7655744202993431,65.5625,209.5625,-178.5625,-0.76318359375,0.79931640625,0.54931640625,10.262171857581828,20.873103105018814,31.13662802436808,35.86619373898067,11.70226389907266,7.629975387549481,8.188173694894148,5.474158778328123,-0.6479292273855289,-0.4306507750972392,0.1099819581526679,-0.6185722230173639,-165.375,282.875,29.875,1.1083984375,0.3310546875,0.732421875,5.651289234954835,5.309708502984496,9.155165637869857,19.107273568878337,14.317409714252308,5.2991898660990415,3.3182824872721044,3.451945793940465,0.227239747559759,-0.8356119527825451,0.473622148623327,-2.1959625895556774,0.3399524594801568,1.4685106513901824,1.4035802359561207,0.0404733076505104,0.0404733076505104,0.0925895752022755,-0.0231639220836318,0.1999322787837914,0.0671002080034237,0.1417964315889163,-0.0428213040494882,0.2518405176279366,0.0,0.0
22,-0.2575043533504681,-0.4669745929093225,0.3813432566327862,0.7551182412069191,42.5,177.4375,-125.75,-0.771484375,0.7001953125,0.56005859375,10.013662031874269,19.39670279049788,28.65906956529445,32.49751031876622,10.59259676664055,8.409533203380075,9.846185368614435,5.416228115615377,-0.6559041643034748,-0.3875492177656151,0.0936831573653888,-0.6409514779487385,-106.0625,279.25,36.5625,1.06103515625,0.19970703125,0.68115234375,5.360433182158935,5.307682060773631,8.054645655196794,18.88576921774753,14.15643973445657,4.846577650636768,3.207243492460361,3.316708468858564,0.2497012507627349,-0.841528280032152,0.5207464418947723,-2.1798877246766977,0.3742816202829619,1.4580397377496337,1.4644510337755852,0.0404736558041076,0.0404736558041076,0.0995071894171253,-0.0214992753150643,0.2039976717612474,0.0708374958489304,0.146649619951112,-0.0450483651433188,0.2635309737217163,0.0,0.0
23,-0.2512258224906423,-0.4931741121779373,0.3732986225346862,0.7445220074686237,49.25,142.25,-86.6875,-0.6484375,0.54345703125,0.5478515625,9.619142725279128,17.39876657450022,24.68370487354381,28.91214448055448,9.626055285955925,9.958076834263618,11.867364241215247,4.973281633775419,-0.656329061440201,-0.352454931171393,0.0705520173911914,-0.6633476444851724,-34.8125,272.9375,45.75,0.970703125,0.18115234375,0.5732421875,5.005964224348494,4.781188859510043,6.985761176548585,19.448319889013867,14.010798777672228,4.560111531049318,3.0386257654750533,3.17561331447578,0.2721536605779247,-0.8461213129745881,0.5678106508926932,-2.163958413417736,0.4083719810028446,1.4473904982978705,1.5250642432083048,0.0404740824109837,0.0404740824109837,0.0924707545089442,-0.0199698174606288,0.1904936297389248,0.0630014847759643,0.1416741183921327,-0.0417747264246855,0.2476228493171611,0.0,0.0
24,-0.2448175335842123,-0.5148431552687187,0.3723228508760147,0.732377358633,77.3125,117.8125,-54.9375,-0.61572265625,0.458984375,0.55126953125,10.408975972677736,16.35389084668601,21.96711079267929,26.65073495053028,9.21554023009847,11.055767856908776,13.348641033177376,5.819714739392429,-0.6503095262482229,-0.3251242464874972,0.0411974594291459,-0.6853426250813041,30.3125,264.0,53.375,0.90673828125,0.19140625,0.55126953125,4.403287047077256,4.192428600894591,6.268542135166715,18.649145249050022,13.23087106764424,4.321655672659578,2.848461083783534,2.893988493056809,0.294426591022704,-0.851952830729275,0.6144370836751797,-2.148156523239856,0.4422117749088312,1.437027654665351,1.5852480868005023,0.0404741325179648,0.0404741325179648,0.0977564544673309,-0.0248275405075012,0.2051907516590982,0.0708671975302809,0.153146701863937,-0.0420199548186142,0.267282223841057,0.0,0.0
25,-0.238337790762925,-0.5306906762314041,0.375298098694296,0.7216050448630121,98.75,93.0625,-23.0,-0.56689453125,0.41845703125,0.4677734375,11.302023280956377,15.704509155958824,18.52091870253647,22.73799241627686,8.104760991305362,10.960572358902525,14.15299547878512,6.418217937190913,-0.6397969674921744,-0.3035724617290924,0.0066524725228128,-0.7060165334302656,80.625,256.8125,55.375,0.78515625,0.16845703125,0.52685546875,3.7248565648876766,3.6169875847584025,6.0303473874786535,18.62938462692259,12.76173424399407,4.127100589900607,2.5741327473732536,2.524172741922912,0.3173229957153432,-0.8573374324554379,0.6622172061596268,-2.131844268316629,0.4768958484601601,1.4264718953063236,1.6472420509364627,0.0404736105213429,0.0404736105213429,0.0947784652448589,-0.0247015595201328,0.1920817046176519,0.0666615512830718,0.1336505619671049,-0.041300555464783,0.2380416138774926,0.0,0.0
26,-0.2352883522758354,-0.5409495891623164,0.3820765461081012,0.7113581701102107,85.625,66.25,4.3125,-0.4892578125,0.5478515625,0.30615234375,11.29227486440731,13.352644120904104,14.940506150776583,18.98129568566397,6.967435968999746,11.112287015270123,14.57723974897785,6.597553889967409,-0.6252164923366988,-0.2867915167405455,-0.03234720235635,-0.7251266248977273,123.3125,251.3125,58.125,0.744140625,0.177734375,0.5078125,3.7290596196650543,3.4627507049541406,5.406074130769054,17.427450946503683,11.74849859555006,3.992989128293782,2.5029896744377718,2.4951344205065373,0.332744718532613,-0.8624739432997152,0.6930178646451528,-2.1214273041596527,0.4973509258503906,1.4198520235459229,1.6831030689050628,0.0404737189231018,0.0404737189231018,0.0255949542689506,-0.0106101553229371,0.0495698478475984,0.0154024484484508,0.029179552262209,-0.012442945987328,0.0488480562089328,0.0,0.0
27,-0.2359086311766041,-0.5457943027118226,0.3889287963408335,0.7036974408370167,56.0,39.9375,25.8125,-0.51611328125,0.65625,0.19873046875,11.423859793620233,11.560922909414566,12.992384413218774,15.738731062697024,6.434597929834298,11.70892965395649,16.290133033862844,7.026618471499162,-0.6070215358771471,-0.2742765717104262,-0.0742756092059609,-0.7421457748105881,156.5,240.9375,61.3125,0.70361328125,0.25732421875,0.55224609375,3.998664682833197,3.609568376645544,4.947429010114639,15.966450239948992,10.843199712005369,3.99048686046352,2.5256724537863384,2.803235926909366,0.3325612256258554,-0.8626152996803083,0.6930516992996132,-2.12200571057141,0.4969289080209721,1.4198541677543028,1.6817391881794062,0.0404730191425525,0.0404730191425525,-0.0086053480095372,0.0021304560188427,-0.0148106205965504,-0.0065451109125807,-0.0091618153972612,0.0027124131732878,-0.0181240243272546,0.0,0.0
28,-0.2382834842888333,-0.5430959127054403,0.3997229863236602,0.698920127712969,50.9375,-0.375,62.6875,-0.5419921875,0.60400390625,0.20751953125,11.54464920635956,10.63148753959282,9.152897101063994,10.04266384397017,5.347211770392713,12.462451851502273,18.559794351699946,7.744866343491831,-0.5865151341038991,-0.2673801043193738,-0.116692709303502,-0.7555730863898306,180.625,211.625,62.625,0.541015625,0.556640625,0.654296875,3.7044227708851674,2.968809942230807,4.643315208008492,15.442345818992504,9.561334944947385,3.383726157858917,2.1882042974453872,2.6963780540080715,0.3328323229573076,-0.8626483540247555,0.6936074624199979,-2.12179979936514,0.4973343987303486,1.419748830107015,1.6824761611237435,0.0404739801499505,0.0404739801499505,0.003717917407779,-0.0005194283819895,0.0056577597106093,0.0006461047270265,0.0042730039504022,-0.0011254072163015,0.009387657311239,0.0,0.0
29,-0.2450656238289413,-0.5347496713238742,0.4165810417515627,0.6931420234623804,50.75,-21.25,106.6875,-0.267578125,0.44140625,0.2236328125,14.09897355282141,12.054989961794448,7.631684539975388,7.829964528380456,5.148322785239544,13.492309372049146,19.553441323069716,9.265367677353431,-0.5673714814776938,-0.2590890639923419,-0.1560027438314313,-0.765914879632485,158.3125,201.9375,50.9375,0.44482421875,0.703125,0.3779296875,3.0817341621485173,2.4627450327815747,4.71929673385209,15.646332278718328,8.884872558242119,3.056014100333549,2.061111292271708,2.563987363559621,0.3327556329359135,-0.8626283922021729,0.6934801334698092,-2.121872961714661,0.4972329453009153,1.419783698641674,1.6822698309008186,0.040473754201071,0.040473754201071,-0.0019039838225241,-0.000673590149738,-0.00416172074162,-0.0022793526092453,-0.00329875195073,0.0006768574809519,-0.0068492086956452,0.0,0.0
30,-0.2596998401555938,-0.5211696674708851,0.4354778753255375,0.6865108818026133,30.9375,-22.5625,154.0625,-0.02685546875,0.4814453125,0.306640625,15.864730811401651,12.73417419808224,7.6970009155304115,7.123636287821308,5.107197139172323,14.811831652591383,20.91063528092555,9.934472468809588,-0.5547871414357789,-0.242910101530737,-0.1849290471452596,-0.7739555270128836,79.25,192.375,22.8125,0.341796875,0.66650390625,0.28076171875,3.0866650471418726,2.396302278300459,4.547745921153756,14.214930316420656,7.656526452733241,2.7503313877430347,2.0701313350123374,2.62411294636831,0.3327748983870396,-0.8626303039782098,0.693516197956897,-2.1218601145445763,0.4972571859366707,1.4197794973315423,1.6823158336730228,0.0404733545590136,0.0404733545590136,0.0005833024899026,0.0004792021119023,0.0009307373884213,7.712767609467286e-05,0.000831068875725,-0.0003133558816482,0.0030560737598631,0.0,0.0
31,-0.2804025212156464,-0.5044071474371141,0.45472328756129,0.6783616936853929,12.3125,-16.625,187.9375,0.10205078125,0.4326171875,0.232421875,16.41660243391227,13.244097683427952,7.090273605582697,6.016197165440051,4.80182044083273,14.668043228868024,21.17934420195952,10.467807292003368,-0.5475913453696508,-0.2199642452866943,-0.204278670636672,-0.7810439641880763,11.125,183.9375,1.6875,0.296875,0.54638671875,0.37255859375,3.066705776849618,2.3745977920377483,4.047549222531135,12.575850642220413,6.2543052656179166,2.5537348526970645,2.0646568217294976,2.709741318285094,0.3327672221835498,-0.8626273502895707,0.6935078255233563,-2.1218699633741847,0.4972504582250526,1.419782901546593,1.682294856423181,0.0404738573858067,0.0404738573858067,-0.0003168901215547,0.0001685356605403,-0.0011823932186011,-6.202446122167456e-05,-0.0020317877329873,0.0005315113402209,-0.0017621235404009,0.0,0.0
32,-0.3006719764325563,-0.4861657109795597,0.4751789152512081,0.6689127465944752,17.3125,-22.625,195.6875,0.1767578125,0.37353515625,0.109375,18.20761248509553,14.188146057359688,6.793769299725847,4.732856245713338,4.721983602252085,15.090769965462949,20.5603724979635,12.24238573544472,-0.5408036161134122,-0.1969499231687147,-0.2193486284066813,-0.7877996926748588,-5.1875,169.75,3.8125,0.24169921875,0.36474609375,0.45361328125,3.393698283738459,2.554606821353244,3.942243745867418,12.752715722921064,6.260581224955177,2.620097185949179,2.2124521314235954,3.0107675140529477,0.3327658254964142,-0.8626271491686426,0.6935071520102306,-2.121871694579777,0.4972478782801362,1.4197841008458394,1.6822988592419668,0.0404733551704813,0.0404733551704813,-0.0017455131718271,-0.0001395232558407,0.0004184290706468,0.0002955058623205,-0.0008746379904621,-0.0002846310664306,-0.0007258811252842,0.0,0.0
33,-0.3137246195143534,-0.4699765700895955,0.5020204271411588,0.6547322944611806,78.6875,-32.375,187.5625,0.25732421875,0.33837890625,0.09765625,19.28115174413553,16.022138408798074,7.010907746680505,3.866362993859265,4.415311074882049,15.734642628633509,20.80883914133529,13.138878301897488,-0.5297072495339112,-0.1788883452452925,-0.2358933655315781,-0.7948355237562076,24.5625,157.125,28.6875,0.18359375,0.1728515625,0.46435546875,3.4503179523708414,2.53582107933054,3.848855258386668,12.383848268533658,5.897406710605581,2.5283358429825227,2.2860536800570173,3.1770234470211545,0.3327673170280441,-0.8626269862162801,0.693509351263047,-2.121877048682371,0.4972453061839561,1.4197862459746222,1.6822957576056696,0.0404734661611469,0.0404734661611469,0.0008890625570724,0.000767649110742,0.0002055335721421,-0.0002275301420126,-0.0006791435666123,0.0005470427966539,0.0012080072579451,0.0,0.0
34,-0.3187315317356292,-0.4588098284290932,0.5354103784727957,0.6334346680107927,153.9375,-29.875,172.3125,0.31884765625,0.30224609375,0.05419921875,20.50857499619312,17.080601586442903,7.2303306073767315,3.74595074148756,4.445547759008224,16.227315256018066,21.30786847349241,14.300740655226624,-0.5132802755871814,-0.1696693419895795,-0.2591424554272499,-0.8003754499465274,89.875,142.0625,54.1875,0.1103515625,0.134765625,0.43017578125,3.847085186261218,2.499956288326833,3.839661094522027,12.178346719091737,5.77191291069343,2.6851557063859395,2.464342586207233,3.4462294036432914,0.3327668871354016,-0.8626247808346676,0.6935081634954832,-2.1218781690189736,0.4972450221111603,1.4197871073578188,1.6822933885336648,0.0404736501860346,0.0404736501860346,-0.0009373764854571,-0.000344772312436,-0.0007391465784752,-0.0009377533536113,-0.0011787685492027,-0.0001317393864338,-0.0016166331608219,0.0,0.0
35,-0.3187914267153712,-0.4522162895910751,0.5702600612295067,0.607186887414228,192.625,-19.125,153.0625,0.3408203125,0.39501953125,-0.171875,21.782348744460847,17.02622402076761,7.326634070058389,3.7471620598873367,4.473073580784288,15.290521800784678,20.3003536106605,16.439949443056666,-0.4936962538475577,-0.1683901550705169,-0.288747308314105,-0.8028285972445017,147.3125,124.6875,66.25,0.00830078125,0.27392578125,0.3330078125,4.933190906350642,2.9053959607122777,3.9678443545373137,11.194112922710422,5.452261689805298,2.978586718725741,3.109366392373423,4.524875887532681,0.3327664350162407,-0.8626253619554829,0.6935070714215393,-2.1218810579007705,0.497244951145758,1.4197887792276105,1.6822926255486097,0.0404737755998424,0.0404737755998424,0.0007062058164417,0.0004565074133495,-0.000657888739427,0.0006481001006922,0.0005114810755315,3.828056278796388e-05,0.0019682341190823,0.0,0.0
36,-0.3125672385785283,-0.4504483930305681,0.6047483303722044,0.5776481831492272,224.125,-14.5,121.1875,0.27783203125,0.712890625,-0.41650390625,23.23042069024056,18.095732749670507,7.5294481103252675,3.659220974852392,4.237293087245099,14.362135876577923,20.009133431636894,18.76835121994366,-0.4729354193648272,-0.174306821229313,-0.3235295725968446,-0.8007982497723445,199.0625,102.75,66.875,-0.083984375,0.35009765625,0.2802734375,6.6080002147759815,3.9134341140744415,4.081966090980224,11.0441869339397,5.671779439054197,3.362953164529229,3.750877959511425,5.591038302571242,0.3327678288064074,-0.8626234594791208,0.6935098288479408,-2.121879572907377,0.4972441899989199,1.419788020607474,1.6822939083728583,0.0404735927846802,0.0404735927846802,0.0001485766851483,0.0005609252312669,-0.0028448856086709,-0.0002461808350075,-0.0009687672194945,0.0002169769477195,-0.0008926902605792,0.0,0.0
37,-0.3049949288635621,-0.4509310655281163,0.6345261717961962,0.5486490725544447,214.8125,-4.6875,96.375,0.21923828125,0.9609375,-0.4912109375,23.039437620175715,17.4589030409368,7.236606985489579,3.37517139544386,4.050695883752591,14.747806919891408,20.91450422621736,20.189837522481017,-0.4517689994481478,-0.1881658775058957,-0.3630875138769294,-0.7928845003824492,250.1875,73.6875,62.8125,-0.1064453125,0.5908203125,0.1416015625,7.131456956378818,4.159939439381764,4.074137925348948,10.981478888022354,5.924953311952434,3.4101148562542547,4.084680731503726,6.08568449925723,0.3327650091502435,-0.8626259508801192,0.693508850427366,-2.121882355102502,0.4972427338314735,1.419792020619997,1.682293281514305,0.0404735414070122,0.0404735414070122,0.0002581356575182,-0.0011344664403868,0.0014049571371599,-0.0005347198522809,0.0009916491218887,-0.0010424203170958,0.0019989908299512,0.0,0.0
38,-0.3018259746824507,-0.4497176504469761,0.6574251917704099,0.5238771164205207,164.625,6.9375,91.8125,0.23193359375,1.00341796875,-0.51171875,23.83150489351848,17.4831591596471,7.866988286705372,3.7986699160764688,4.194318564730256,14.99538233917855,21.768457059105742,23.02768979506132,-0.4333842235307382,-0.2024412715746315,-0.3976808337595114,-0.7829722861112295,226.875,51.0,51.1875,-0.1025390625,0.96875,0.1474609375,7.4571301749216925,4.449124977793954,4.083023148704992,11.187689581591634,6.380725040305128,3.4839396206779667,4.553865974903862,6.650986071900936,0.332766414738088,-0.862624010618847,0.6935073922599044,-2.1218832177287177,0.4972417395618262,1.4197909434186191,1.682290365378917,0.0404736428790113,0.0404736428790113,-0.0003364473533271,0.0020054179549177,-0.0026437564635958,-0.0006833628575079,-0.0013194546587198,0.0017326298859421,-0.0017126058944135,0.0,0.0
39,-0.3040877976544078,-0.4452670581872552,0.673912760719052,0.505083606100005,101.1875,13.125,93.3125,0.26611328125,1.0146484375,-0.65283203125,24.57017848803356,17.636189536850736,8.01458246129583,4.035340299882682,4.068268145364283,14.909865498514744,21.870208511557387,25.027369889093467,-0.4200186027732537,-0.2127557177081608,-0.4205678860375605,-0.7755269377273664,152.4375,31.375,39.75,-0.111328125,1.23583984375,0.2548828125,7.71641787495756,4.463377129762588,4.236231080933636,13.909340273954932,7.527641995706728,3.490546285055285,4.668301396505295,6.780831782227442,0.332765346990258,-0.8626243760583743,0.693507268477528,-2.1218839879238245,0.497244342116689,1.4197918262458415,1.6822871939318151,0.0404738266945548,0.0404738266945548,-0.0004957887549197,-0.0036850063520038,0.0035353512292309,0.0018355758191218,0.0025784153559011,-0.002844695503626,0.0020183550267363,0.0,0.0
40,-0.3092671051045156,-0.4412869883374082,0.6856122738581061,0.4894440331227769,57.75,22.5,72.5,0.21484375,1.08642578125,-0.623046875,25.250660344265384,19.131301878644187,8.761118718071907,4.463159880272258,4.25954856806348,15.170828355185977,21.69641439296755,26.568781403506534,-0.4120892335300941,-0.217457633155765,-0.4322298506901846,-0.7720569911368026,52.75,19.0,27.625,-0.0888671875,1.1611328125,0.2529296875,7.668352931342215,4.582106174066049,4.570189153433735,15.079294413369372,8.387654928744164,3.751481953609896,4.93442244844187,6.66014039623754,0.3327647022281791,-0.8626236464832234,0.6935071540999037,-2.121883707940116,0.4972381786783839,1.4197909252597911,1.6822918336040005,0.0404737044519076,0.0404737044519076,-0.0003395578139286,0.0022106746298099,-0.0051611600086928,-7.197228626344972e-05,-0.0003240946307014,0.0021381578632357,-0.0007233729610372,0.0,0.0
41,-0.3135492761583811,-0.4394084561152784,0.6928358640595257,0.4781061865190965,39.625,25.1875,51.1875,0.11572265625,1.08935546875,-0.5673828125,25.034404577003585,18.359385732503608,9.038992627357812,4.685044265466313,4.424810128570615,15.725938536057596,21.795253960054637,28.153627118679815,-0.4107398703790847,-0.2165386419175323,-0.429842631066849,-0.7743636664739714,-35.3125,2.75,13.9375,-0.05615234375,0.99755859375,0.3232421875,7.937235138437953,4.766230906501132,4.3702708663147005,13.29917185695275,8.749551273008557,3.9436304053367146,5.258993298126779,7.000696126929999,0.3327668140469809,-0.8626225200017847,0.6935043823924302,-2.12188516428668,0.4972332138512954,1.4197941433934085,1.6822855782542523,0.040473437517425,0.040473437517425,-0.0012851039349354,-0.0023786991780191,0.0030596773598672,0.0004733665103698,0.0015400312533901,-0.0032716977119119,0.0015939671834629,0.0,0.0
42,-0.3188051048952466,-0.4356942061539862,0.6977333245371556,0.4708524945743695,10.25,18.9375,50.625,0.09814453125,1.03564453125,-0.57275390625,23.01266923783289,17.257329004952584,8.98158023111326,4.7394367594838505,4.391854767765216,15.341054648939394,21.79494968795464,29.29240155751717,-0.4120267701869972,-0.2144663117222794,-0.4209374365249177,-0.7791340169170798,-68.4375,-10.0,12.75,-0.03271484375,0.90869140625,0.42041015625,8.159503419733367,4.840675673861503,4.125617495682412,12.48448903409752,8.92571669564853,4.101462239844034,5.336700433754379,7.105536262661883,0.3327581180367921,-0.8626338094747763,0.6935206352985205,-2.1218791866515447,0.4972533418030554,1.4197704453014113,1.682304150758565,0.0404738038128979,0.0404738038128979,0.0013387224480826,0.0004087302444542,-0.0003783727941072,-0.0003998507025992,-0.0003704145789394,0.0007004450308612,0.0004478866007735,0.0,0.0
43,-0.3258690209192136,-0.4305450596673782,0.69977305203948,0.4677157346514204,-20.5,17.5625,47.0,0.111328125,1.025390625,-0.5615234375,22.920234274596154,17.583703799457027,9.269339760730173,5.1765518128638455,4.98357664010995,15.843986024889732,21.72115589780641,30.619528670730613,-0.4139951362607737,-0.2123380626641945,-0.4100279117499451,-0.7844728713489201,-73.1875,-15.3125,13.125,-0.025390625,0.74365234375,0.451171875,8.237707055219058,4.838341298857469,4.1472901797633,12.906789609802022,9.239548968577182,4.257866626123054,5.406258333812918,7.386754309744712,0.3328019533602548,-0.8625401343491921,0.6933912200099814,-2.1219171351982014,0.4971395155651879,1.4199230350437195,1.682182914347634,0.0404736481425601,0.0404736481425601,-0.0009614990609729,0.0019529492545934,-0.0019267850326658,-0.0008010511625746,-0.0014035056869805,0.0006467675758399,-0.0018615255308215,0.0,0.0
44,-0.3323980912223043,-0.4277351860605781,0.6986707583954677,0.467347077577889,-29.0,21.9375,26.75,0.072265625,1.0498046875,-0.47216796875,22.88635173444832,16.649666679350098,9.352989048940389,5.434076473220067,5.05124461200532,15.669867455871398,22.18846375830757,30.08213869533881,-0.4161212142067491,-0.2108070803564258,-0.4014733568571422,-0.7881767908867642,-51.1875,-13.5625,5.8125,0.00439453125,0.6201171875,0.490234375,8.687152007089326,5.135303137384459,4.242205088854173,12.81198640409534,9.415153906342224,4.226418418692925,5.441416979277428,7.644149780858217,0.3326636625418609,-0.8626854383613721,0.6936360780803819,-2.121883872393441,0.4973555923181987,1.4196110875081025,1.682370800097729,0.0404733594609639,0.0404733594609639,0.001217289539233,-0.0091741571323311,0.0112484494574196,0.0020427016666575,0.0031953184192645,-0.0058091306948079,0.004568576787137,0.0,0.0
45,-0.336119441604316,-0.4264511600670702,0.696774931061353,0.4686873419428985,-28.4375,15.4375,16.125,-0.05029296875,1.00634765625,-0.455078125,22.88802190132566,15.353673924793314,9.121554571229105,5.6427281852718245,5.08794784092389,15.148144135644984,22.49104014136587,31.21473374868756,-0.4157587052421366,-0.2127009817628958,-0.3985473202042208,-0.7893434138133519,-0.6875,-12.1875,10.5625,0.03173828125,0.5654296875,0.60302734375,8.672848270490421,5.205931256975164,4.34575996361174,13.099108986462202,9.368974464377612,4.315450748752439,5.351985839231508,7.662710679348394,0.3339095035774565,-0.8552775420672238,0.6839407114711094,-2.1244550585293545,0.4907761771064557,1.4285984183122429,1.6744855636504294,0.0404734073297927,0.0404734073297927,0.005155611575495,0.1046424173088924,-0.1407787953805005,-0.0338462536944743,-0.0756609310712035,0.1102463647225075,-0.0951070088392238,0.0,0.0
46,-0.3393530838663012,-0.423092729741223,0.6946972662888922,0.4724698241383162,-40.75,2.3125,19.3125,-0.0693359375,0.99755859375,-0.42431640625,24.07831956755169,14.398330525392236,8.676953977098874,5.371871185622302,4.903003335272161,14.502590524239569,21.889095750849417,33.19331680258086,-0.4115352470746959,-0.2189809382328354,-0.4030518718198564,-0.7875501747370424,50.25,-9.6875,22.9375,0.02734375,0.75048828125,0.626953125,8.926329067058182,5.4466882066467495,4.710757583493368,15.4582655892974,10.285823216220791,4.493871361701479,5.327850273899038,7.668053933931833,0.3345228479677679,-0.8156532781617711,0.6320432394103601,-2.1376260304466204,0.4616731799148871,1.4691036003561528,1.63800080133779,0.040473674295234,0.040473674295234,0.0028106682964008,0.184554423443595,-0.2435356762986053,-0.0605280598884762,-0.1404574384515181,0.1952730088500845,-0.1806776632131865,0.0,0.0
47,-0.3417427235153177,-0.4198692972069782,0.694349923684632,0.4741306440912642,-23.75,-0.0625,21.6875,-0.0244140625,0.904296875,-0.3662109375,23.60137354254691,15.398417059929477,9.357404884521598,6.0152062292404365,5.278852482915224,14.752459351494204,21.243071536085687,33.07834844563582,-0.4068938986524475,-0.2242280161465565,-0.4100675123812502,-0.784859087546194,53.875,-1.9375,20.8125,-0.0322265625,0.8779296875,0.5654296875,8.463261960473965,5.524446972822759,4.907774869890215,16.533824556618512,10.945977059560477,4.433458658657736,5.176520146444875,7.396698343427637,0.3352038947699355,-0.7818146129231576,0.5869651578227908,-2.1491362890245225,0.4339860049501589,1.5069411500521104,1.6021152376121144,0.0404737595048059,0.0404737595048059,0.0080790887207545,0.151276949953609,-0.2067575758610954,-0.0512237599325581,-0.1244061808068696,0.1695002956888546,-0.1509814233058223,0.0,0.0
48,-0.3446077568146459,-0.4171792450988495,0.6959294444209339,0.4721114061213755,-2.0625,7.1875,29.5625,0.01904296875,0.80224609375,-0.302734375,22.13556341085251,15.002639273852344,9.331443569918012,6.289315075048169,5.587225426797951,15.40219911804392,20.477085825723837,32.143970525332186,-0.4043387160972984,-0.2259414229422186,-0.4142869743197677,-0.7834711092137387,26.125,3.1875,11.6875,-0.06298828125,0.89404296875,0.53564453125,7.818376833572041,5.226381726073735,4.7687348159449146,16.8189829239448,10.880724693744734,4.123977180175906,4.4809244846655165,6.42537868748483,0.3355858980998296,-0.7758153169633669,0.5786034588470752,-2.151145444646969,0.4288651585450748,1.5138482066313983,1.5957278511578563,0.0404734166041372,0.0404734166041372,0.0111325476151798,0.161828127319294,-0.2222740314925247,-0.0532273312246697,-0.1202205691291552,0.1722027952676539,-0.1328353283456907,0.0,0.0
49,-0.3469348824818603,-0.4159068066909563,0.6980813249375504,0.4683376765100834,13.6875,12.125,29.1875,0.0146484375,0.88671875,-0.2890625,20.458634522273773,14.009475249265266,8.895200539713159,6.2081689063358105,5.616686317579718,15.169558148101954,19.815487907144902,30.444756897894308,-0.4020709943286659,-0.2267905001404557,-0.4162911736969991,-0.7833304815131188,16.375,3.625,12.875,-0.04345703125,0.8037109375,0.5732421875,6.882927117868386,4.776894140252021,4.841900867111735,16.785406277125936,10.72927934576001,3.905580995510575,4.18973870292352,5.917779640156267,0.3354770744514753,-0.7777426432869838,0.5812410261091764,-2.150463297003089,0.4304474501657586,1.511698002587581,1.5977106750575,0.0404736794126203,0.0404736794126203,0.0081413064137054,0.1605058717741817,-0.219817590692129,-0.0540895776155052,-0.1208351126636391,0.1722443382347032,-0.1405269532356055,0.0,0.0
50,-0.3475476825430738,-0.4160317885868618,0.702480905934007,0.4611385215337061,36.25,13.375,31.4375,0.01123046875,0.880859375,-0.36083984375,19.949633872881535,14.72579263140617,8.662810892081556,6.315098060950144,6.065192514157206,15.674439924402767,18.676463767642097,28.61505647870298,-0.3993957599462229,-0.2278337976588096,-0.4182547590023633,-0.7833503329629845,19.375,4.1875,14.4375,-0.025390625,0.7099609375,0.5380859375,6.767522363929203,4.6524077924104,4.83229358363253,17.44554029435808,10.721749384539242,3.8548791118356376,3.857515618862929,5.54899308434042,0.3404461812281666,-0.6646527832792379,0.4316763674472027,-2.188822549424435,0.3395457332107058,1.6356176046936255,1.4818953952364735,0.0404736575074348,0.0404736575074348,0.0058739074095641,0.1585219063916327,-0.2128343567484739,-0.0549549012846249,-0.1242436489387719,0.1780039936906949,-0.1627590124974544,0.0,0.0
51,-0.3444929486013364,-0.4184087814780582,0.7085787810618204,0.4518570691877557,52.625,9.625,26.6875,-0.04150390625,1.06396484375,-0.599609375,19.74313733734056,15.499769583689783,8.560335011416043,6.596902798340218,6.974092741251614,16.365986131190784,19.05085814613437,26.64289753545929,-0.3969545372838451,-0.2297258423026434,-0.4204519998998169,-0.782862215519662,19.125,0.25,14.125,-0.017578125,0.72412109375,0.47802734375,6.713956244934815,4.558500430322793,5.042959081056338,16.758750384317583,10.855065993075907,4.193402239125443,3.6636943827852937,5.483521447541741,0.3420438956746051,-0.6259483118693698,0.3804178607403735,-2.201963724174117,0.3086665074915472,1.6780200668255258,1.4415821705694094,0.0404733957009823,0.0404733957009823,0.0069678278146551,0.1648085018333135,-0.2150794180185053,-0.0559950462055574,-0.1291338173192129,0.1817197162122311,-0.1708323737987523,0.0,0.0
52,-0.3412543148324242,-0.4221274980112763,0.7100360301279899,0.4485562439104786,46.6875,1.1875,-9.875,0.0927734375,1.31494140625,-0.296875,19.925462662494965,15.029308102247011,8.53164204736739,6.904551353373831,8.099113941458448,16.467921081686207,20.272020135813317,25.05516543449514,-0.3942750522702319,-0.2319875346252556,-0.422838631908385,-0.7822636756884772,15.5625,0.375,14.125,0.01318359375,0.95654296875,0.5185546875,7.242424021403635,5.00964084934466,5.029713153221964,14.617581344813784,10.422038741521185,4.522466809740767,3.9914141121169657,6.220131995226907,0.3438794809383801,-0.5858843162404218,0.3272587662420303,-2.2155637799544143,0.2763122956758514,1.7223372440637217,1.4002113973816506,0.0404736715107784,0.0404736715107784,0.0073909168844236,0.1596013740408133,-0.2123201703060415,-0.0531539940723458,-0.1300307815385202,0.1747808217040437,-0.1677624161427766,0.0,0.0
53,-0.3389294202444071,-0.4240127286940205,0.7101465522318885,0.4483658420881352,1.6875,-0.8125,-6.5625,0.013671875,1.04150390625,-0.54833984375,19.38055146540739,14.31694895356567,8.26989525546144,7.350720627561481,9.16192874193594,15.3533695961097,18.74831484863297,23.24942214171272,-0.3921928736211501,-0.2324105917754963,-0.4226479380371093,-0.7832871677643699,3.8125,4.0,12.625,0.0361328125,0.9052734375,0.63134765625,7.589432853046163,5.071679237584297,4.673973456479525,13.718211069201663,9.960934907650955,4.2626662958119885,3.605179513555064,6.269242879347953,0.3454367759553283,-0.5480868011477369,0.2770856266829312,-2.228246414645093,0.2460205950270886,1.7638600406808849,1.3608143062540878,0.0404736253260493,0.0404736253260493,0.0066111571879431,0.1642089318970744,-0.2131918835501513,-0.0546542930410474,-0.1277102191911977,0.1812273051801157,-0.1713149577656216,0.0,0.0
54,-0.3397832926780171,-0.4190680954782227,0.7112438853200888,0.4506233249221844,-28.6875,-11.125,31.875,-0.064453125,0.951171875,-0.53564453125,19.88492151247597,14.68186642145578,8.14416523697066,8.053882768974061,10.737008728917823,16.853457658521048,18.758250678401133,22.435994970326405,-0.3908400298656506,-0.2320383812537794,-0.4198295698697393,-0.7855860188055364,-16.25,2.5,12.5,0.0625,0.802734375,0.53125,7.478532095642099,5.156371740550691,4.852330307584996,13.89397281322209,9.439347107566045,4.13073387886444,3.637591981046408,6.290422457627102,0.3475115159232227,-0.509718166081886,0.226127347608269,-2.241401115082517,0.2152222610461693,1.8063684435493248,1.3209785785750865,0.0404737097650147,0.0404737097650147,0.011033731826714,0.1608627747432151,-0.2130148163122127,-0.0567833642966534,-0.129123179702375,0.1795338582401123,-0.1682809702597114,0.0,0.0
55,-0.3399760038331141,-0.4136476441610439,0.7134613121732982,0.4519788704459982,-18.9375,-19.9375,24.9375,0.12646484375,1.00048828125,-0.5146484375,20.453351422552046,14.02765405967962,7.843734588859796,9.056463121113056,11.817690615278972,16.86198304561748,18.64835999741631,21.96004393122304,-0.3891433309971087,-0.2312522084611112,-0.4190492645273131,-0.7870753445010531,-14.3125,7.4375,11.3125,0.01513671875,0.86328125,0.42919921875,7.5391174919185,5.118726465377423,4.91911817066756,14.34907135597479,9.556384629102972,4.152470473525075,3.6426295441689303,6.304588525970156,0.3495844014233319,-0.4713159332854931,0.175327417203578,-2.2543344964235565,0.1844290839667317,1.848409639803,1.2807711863544533,0.040473260406373,0.040473260406373,0.0096725230555933,0.1620449432394928,-0.2146903009959862,-0.0560157671563898,-0.1298911345524748,0.1794555900805264,-0.1702066176825645,0.0,0.0
56,-0.3381431539475597,-0.4130351485132016,0.7174860604067806,0.4475208672822217,26.875,-7.375,12.5,0.15966796875,0.86328125,-0.41943359375,20.017481266767124,13.98786424165978,8.028680081716239,9.52252178731837,12.267629586462302,16.961081240180153,18.208036734028543,22.804548618123345,-0.3879814261148622,-0.22972504135541,-0.4214270485013565,-0.7868265762895711,8.625,11.75,2.125,-0.03955078125,0.81591796875,0.505859375,7.984705892562534,5.558236105861959,4.882757349646871,14.303166074943006,9.589978499068,4.326455531754216,3.9059600571555673,6.401957782419216,0.3515463510795964,-0.4330728311352922,0.1245707219055221,-2.267273208712421,0.1537576661214878,1.8907914884978647,1.2411485034546348,0.0404736441692336,0.0404736441692336,0.0065634748753487,0.1622876735742054,-0.2125796353349502,-0.053520036800886,-0.130690324125783,0.1785593018482504,-0.1712805770393031,0.0,0.0
57,-0.332225985140016,-0.4144432186479347,0.7253061512803253,0.4379425764063228,62.75,-9.25,21.0,0.02587890625,0.798828125,-0.55810546875,20.49101435573497,15.708142079235186,10.052691023908372,9.810874311762984,12.712130263336562,18.241793544218563,18.16019162581242,22.39935848133022,-0.3860323241077095,-0.2299104766662042,-0.427046351269825,-0.7846984333680349,37.4375,12.0625,-0.75,-0.00927734375,0.67333984375,0.49365234375,7.721921348096372,5.20803615991358,4.762426728518567,14.315161893797898,9.496823611114827,4.2195104181278005,3.8222687041729375,6.173627913472801,0.3531957212243373,-0.3947844395027512,0.0738963219858488,-2.280103586112669,0.1230446119560011,1.932797063721688,1.2010056710183885,0.040473446716071,0.040473446716071,0.0047467974517417,0.162486440711241,-0.2164415855962428,-0.0539521722392965,-0.1347685211256806,0.1788621480882124,-0.1667884749451891,0.0,0.0
58,-0.3260547428786581,-0.414801204156376,0.734080942081921,0.4274967089333811,74.625,-14.25,27.4375,0.072265625,0.93798828125,-0.5380859375,19.9745018242802,18.255021448112927,13.200110665158846,10.813184665753486,14.292201373352649,18.935052843222724,17.40261383509004,20.13360745383071,-0.3821084682184039,-0.2324020199609778,-0.4362420269645665,-0.7808170807197348,59.375,12.4375,5.0625,-0.009765625,0.7431640625,0.40673828125,7.7973736436822625,5.579440985373064,4.751635684514301,13.44635706804652,9.649258481225605,4.253550695733335,4.026362488964249,6.169962279131477,0.354703228561413,-0.3565287801202193,0.0229751568591908,-2.2930899838697,0.0919773408238396,1.975128759267708,1.1614366876352409,0.04047353290317,0.04047353290317,0.0045812287142849,0.1614245912031881,-0.2074586762696376,-0.0541025686968642,-0.124506720455804,0.1784373042213945,-0.1645376577914853,0.0,0.0
59,-0.3215972453834855,-0.4148598361874267,0.7406685467315615,0.4193764799829055,58.25,-10.375,21.8125,0.10888671875,0.984375,-0.5302734375,19.126400064143738,22.435703619199074,17.568032515368262,12.71140870736117,16.682002676964792,20.046138161827876,17.031863561065883,19.640627870567226,-0.3779751448264573,-0.2355249610665749,-0.4478575186075478,-0.7752976368045353,72.4375,12.375,2.4375,-0.033203125,0.8525390625,0.38427734375,8.712199532735058,6.73363564446623,4.591625656481327,11.378598637825654,8.98032952890689,4.401127403643473,4.541640806375141,6.899725514907099,0.3565164755482461,-0.3182113413873002,-0.0276516077762926,-2.306085052489232,0.0613976723131364,2.0172369562997683,1.121385071312426,0.0404735960992993,0.0404735960992993,0.0080387199746604,0.1624588734967815,-0.2169951912641485,-0.0551111465360787,-0.131581619900113,0.1789084695208828,-0.172069227899463,0.0,0.0
60,-0.3191618029387533,-0.4136468805729454,0.7455043528578951,0.4138299911885155,34.9375,-7.1875,23.3125,0.111328125,1.0048828125,-0.5751953125,19.607086133167964,26.288083052030213,22.04916680175594,14.448731791967552,16.906497915606643,19.537253090402785,16.58975790060008,19.73826577506637,-0.3742997633742214,-0.2385680376699546,-0.4588269396783624,-0.7697160632114268,68.625,11.3125,-1.0625,-0.0078125,0.88427734375,0.37109375,8.766801743840151,7.210446604674981,4.5399336492163975,11.53694672980544,8.931314166935271,4.4853185991684725,4.76331952925994,6.903087505460756,0.3582465337432132,-0.2800054671609036,-0.0785172176623746,-2.318879826671175,0.0302742191745226,2.059539398966002,1.08167006336758,0.0404738035286093,0.0404738035286093,0.0074630428094044,0.1610927160710751,-0.2119597762362347,-0.0517753147000889,-0.1260396318341701,0.174186746873138,-0.1678826627959426,0.0,0.0
61,-0.3200826822189943,-0.4102966799916246,0.7482024253700289,0.4115784756298014,3.375,-2.625,27.5,0.13916015625,0.90625,-0.541015625,21.76855304721486,29.041664957847864,26.008860577940617,15.420868714461363,18.68814572379732,20.197711784702378,16.37540559386098,21.08576127437069,-0.3713134113606296,-0.2407678185104674,-0.4686580680207552,-0.7645369993613753,58.3125,11.0,-2.875,-0.01904296875,0.93017578125,0.33935546875,9.226038401913256,8.18732082209761,4.6729087711396335,12.91523362455814,9.245475357148631,4.595621052757892,5.062634198214236,6.940718184236171,0.3599956791687739,-0.2420051966723039,-0.1288537226630363,-2.331727350768172,-0.0001831067965656,2.1012489635257543,1.0417695272803442,0.0404734693977388,0.0404734693977388,0.0103057741735159,0.163289214644441,-0.2220877423267394,-0.0524500183245079,-0.1345454160197196,0.182646868711565,-0.1798304743492451,0.0,0.0
62,-0.322695853606286,-0.4060706476343145,0.7504952176930003,0.4095496836955133,-5.375,2.25,32.875,0.1611328125,0.892578125,-0.55224609375,23.330228383266437,34.22043402910951,31.40012824527532,17.004980511064975,20.261502138397667,21.51713591004036,16.28498598282892,23.03932942547575,-0.3697950642573374,-0.2416881423434652,-0.4765406604590345,-0.7600970011983628,43.75,7.625,-4.375,-0.08984375,0.896484375,0.3232421875,10.426210969452804,9.151734647480083,5.05596721157615,13.36566924772836,9.459911462753292,4.8781054215042685,5.568819889406608,7.504261989723971,0.3623039836711432,-0.2032711203773949,-0.1804334626979905,-2.344927416877657,-0.0316924040609871,2.144105850501893,1.001570681585807,0.0404734911033756,0.0404734911033756,0.005800788019888,0.1550163743305821,-0.1982877691220185,-0.0542315573546674,-0.1184406436083734,0.1634743845255631,-0.1507421941505989,0.0,0.0
63,-0.3249525052902063,-0.4038102507513158,0.7514068919285745,0.4083268708473855,-7.8125,6.75,19.125,0.162109375,0.87890625,-0.55029296875,25.280888002020475,37.56115596771444,36.00050867153078,18.64174518550325,21.05406718966858,21.54433693823984,16.319075592674988,23.70005524726033,-0.3691156347654044,-0.2425372904361304,-0.4831215880957243,-0.7559912975924378,38.0,4.25,-8.5,-0.0615234375,0.85205078125,0.31884765625,10.505641853570276,10.393093129158418,5.416493824523938,13.401997687859728,9.440214523809876,5.077905914468315,6.11853263579604,8.021571950185379,0.3625069093808025,-0.179379914049655,-0.2102535009170959,-2.3534821264076484,-0.0483222353040501,2.1667722614681253,0.9786107710832868,0.0404734043140077,0.0404734043140077,-0.0004723852319636,0.0390327911362398,-0.0434043652742464,-0.0148609341246375,-0.0226957949087738,0.0248080176934711,-0.0318917363291318,0.0,0.0
64,-0.3254529881104203,-0.4038864257926952,0.7525947755816733,0.4056565189388321,7.5625,9.4375,12.9375,0.08203125,0.82080078125,-0.5263671875,26.64184897607007,43.42414411346292,41.94985296573014,23.0909909242392,21.53783506610685,22.389300082728465,15.564886713483448,25.17450018747038,-0.3685729336417541,-0.2436401972342908,-0.4903320001453639,-0.751244285510242,44.6875,3.8125,-10.6875,-0.052734375,0.80419921875,0.31005859375,10.406990657537692,10.995416889151238,5.2350062475764165,12.683900559321314,8.53554062342335,4.833630314063846,6.2050258470620605,7.90979799923882,0.3625149989453143,-0.1795070779481107,-0.2097563476520529,-2.3533333783762416,-0.0478925432190363,2.165440702418301,0.978542228142749,0.040473497117524,0.040473497117524,0.0004628232489263,-0.0132266579725765,0.0130670996266912,0.0091989570721302,0.0095126096330106,-0.0077756020737782,0.0137089146029166,0.0,0.0
65,-0.3260525145612019,-0.4043612708663351,0.7542787298665917,0.4015536303440934,15.25,12.4375,13.25,0.1259765625,0.86474609375,-0.5595703125,28.325840218949075,46.21819051151176,44.07637724959228,24.920923266366877,20.876522186392577,22.983953764724795,14.59058586946677,26.149590150797323,-0.3682754963685133,-0.2452932084695152,-0.497666290584829,-0.7460111687292573,42.75,-0.3125,-10.0625,-0.0888671875,0.87255859375,0.2470703125,11.072410518894497,13.572143913994486,5.545183174935222,12.241964539420264,8.133369259618814,4.906286045339373,6.219165811351464,7.741285996285048,0.3624649048733408,-0.16674206724251,-0.2101884539464281,-2.35525210418045,-0.0434956943825486,2.1821693922501098,0.977319557679962,0.0404734828464103,0.0404734828464103,-0.0004503214230839,0.138771271816383,-0.0048731329359029,-0.0370688318741776,0.0424741918322379,0.1707834797511962,-0.0243298493243881,0.0,0.0
66,-0.3267290500979203,-0.4061376983656943,0.7548399332264114,0.3981419005770099,10.1875,15.625,1.875,0.1748046875,0.93408203125,-0.626953125,29.741299053472964,49.073598662415336,46.83447213394816,26.33914088102143,20.59421108771741,23.584859102015944,14.450196737532814,26.00939833714696,-0.3691852818057004,-0.2469983196342651,-0.5035177012559148,-0.7410559913514324,38.0625,-6.5,-13.625,-0.068359375,0.8515625,0.28759765625,12.180705914925491,14.657290929393406,5.614186355418341,11.64273575679088,7.363055132823773,5.042994820478677,6.732761369260965,8.501659305017885,0.3631197745279755,-0.1188977353958877,-0.2084553667749704,-2.368466599569253,-0.0258526155086812,2.2393049221295103,0.96789828157542,0.0404735570589821,0.0404735570589821,0.0044208338133319,0.2203157563576549,0.0136229585663302,-0.0595111564150037,0.0905703436129754,0.2663763509542793,-0.0546398405806977,0.0,0.0
67,-0.3245254133993255,-0.4091815631801915,0.7542148830873547,0.3980120783857441,4.75,4.375,-10.875,0.06591796875,1.0732421875,-0.6728515625,30.54739542571509,56.36224569086734,53.77647876178732,28.62034238211032,20.99557154548121,24.516040543136132,14.701129579197286,27.030090631473264,-0.3702234864216148,-0.2494400575346422,-0.5089504868562225,-0.735991596234463,38.3125,-9.9375,-13.3125,-0.0458984375,0.8837890625,0.29296875,12.940659613137402,15.60126586668487,5.40147990919238,10.845796749875143,6.7542297958328446,4.98580240247165,6.781078476795306,8.719167636937488,0.3641545094944702,-0.0718505402628992,-0.2070297670078689,-2.380683641294283,-0.0058214150888857,2.299894646663532,0.9530836758240652,0.0404737463639682,0.0404737463639682,0.0050415503494278,0.1916854978530555,0.0036231421203121,-0.0451969040656165,0.081688035685261,0.252072365010225,-0.0630318812176253,0.0,0.0
68,-0.3204444356023513,-0.4122441367730059,0.7528307940417908,0.400769174126674,-8.5625,-8.6875,-23.0,0.05810546875,1.05322265625,-0.716796875,32.20981506728645,63.24489272481735,58.75147225902111,30.097850740406557,21.630927871215206,24.95437946097431,14.401242459796856,26.38335899035231,-0.3727252235272741,-0.2499279172006202,-0.5116350988749204,-0.7326946632462625,11.875,-8.75,-18.625,-0.0380859375,1.0947265625,0.31396484375,13.02697640555692,16.22018666967477,5.598388868580753,10.5831156994081,6.344271629641585,4.820971582853676,6.847612579689912,8.82861991835309,0.3651950949555961,-0.0242697599862636,-0.2054068167096692,-2.3929024461055746,0.0139090162642815,2.360779753691158,0.9389365940742002,0.0404736339542875,0.0404736339542875,0.0034986447611321,0.2030614579147127,0.0094218206583968,-0.0512562855584451,0.088564517516257,0.261354417639261,-0.0597589306158559,0.0,0.0
69,-0.3170759653251304,-0.4134499690303048,0.751216743257306,0.4052102663702677,-18.3125,-18.25,-25.0625,0.16455078125,1.02587890625,-0.646484375,31.107908522028367,68.23132845875003,62.52143918750922,32.92649662377644,22.823119154269676,25.422574774191443,14.545632301246618,25.95258992043127,-0.3782165837906975,-0.2469973397774653,-0.5107785363473208,-0.731470995115622,-18.6875,-8.625,-30.5,-0.0654296875,1.0947265625,0.3515625,14.492601330159411,17.743886119398386,5.722398745660045,10.494474790828916,6.411123237067656,4.7424298383994925,6.708931671583319,9.377577304555045,0.3661479700338075,0.0231321478748938,-0.2035267419780958,-2.4052798414299588,0.0340517438903029,2.4216475234414943,0.92473203339795,0.0404736637421938,0.0404736637421938,0.0038223300417075,0.2009694361133228,0.0103376190740502,-0.0521247404290051,0.084287616439315,0.2578396112564641,-0.0634570025653564,0.0,0.0
70,-0.3137775974355471,-0.4138128983880586,0.7486473468477768,0.412103936565807,-29.6875,-24.9375,-28.3125,0.1650390625,1.0498046875,-0.59130859375,31.715736004487315,71.81073058083393,65.65635287626546,35.11216902514184,24.797757095512846,26.48592352537449,14.786474592818422,27.19701459265445,-0.3858453005974766,-0.2430910838784798,-0.5069331013544196,-0.7314704093104646,-38.4375,-14.625,-37.75,-0.04150390625,0.9375,0.322265625,15.7807197324275,19.006705742152533,5.927709686886885,10.79829908137516,6.156005664497492,4.995673476719089,7.15405615969842,10.075596620073558,0.3669983731013672,0.0706518845727402,-0.2017234090653568,-2.4173959555846576,0.0539287945386439,2.4825665864283986,0.9096301956983786,0.0404735755867701,0.0404735755867701,0.0034151209150131,0.1990258508936359,0.0068704372051661,-0.0503533939542064,0.0828451808235405,0.2578978405419092,-0.0616524391208559,0.0,0.0
71,-0.30914713065101,-0.4145562312698244,0.7459814868344808,0.4196222158392289,-30.4375,-30.0625,-32.5,0.10791015625,1.03759765625,-0.60498046875,32.05635406503631,72.84358836653024,65.9020169844254,35.72432808618015,23.625475656024317,27.021148157450284,15.612664252375076,27.016728279041217,-0.3937042232281094,-0.2392984435401359,-0.50209341877192,-0.731871189730505,-40.875,-16.6875,-37.5625,-0.0263671875,0.900390625,0.37158203125,15.541117991198089,18.398646623007167,5.766489607374181,10.926333170028151,5.716828059538239,4.836619041179071,6.953611000784132,9.928592338696276,0.3680236646898407,0.1180966119261483,-0.1997052036011529,-2.4297769618739595,0.0739266887619732,2.543325325563185,0.8950883305074234,0.0404735757991327,0.0404735757991327,0.0067220314128841,0.2041752756625582,0.008661517203707,-0.0536868390951143,0.090204127518802,0.2663991499503005,-0.0600574857803342,0.0,0.0
72,-0.3026850365569829,-0.4160927393040839,0.7439252320138148,0.4264080793279053,-21.0,-34.875,-37.5,0.078125,0.96337890625,-0.57421875,33.80752392581367,72.19866975877228,63.69952861529091,34.37924370132091,22.45228534446329,26.09058004797278,15.575536623993866,26.618295189662685,-0.401293438126799,-0.2352220396259594,-0.4991907270629793,-0.7310559394498554,-31.3125,-11.75,-42.9375,-0.03857421875,0.9599609375,0.3818359375,15.305838739271191,18.388491612894946,5.705239831075288,11.23587908221542,5.557473559188512,4.63268785724726,6.491043791514973,9.326015462803772,0.3691151747394167,0.1655698652089375,-0.1978043451820455,-2.4419857391471305,0.0937087398065144,2.6043675921145653,0.8805312114430979,0.0404732542810281,0.0404732542810281,0.0040186019246604,0.191418647290933,0.0057719464277966,-0.0506755408733659,0.079868589416135,0.2539699466320218,-0.0601229959326125,0.0,0.0
73,-0.2961340986111739,-0.4177736819854669,0.7433869169588002,0.4302855307520148,-4.6875,-33.625,-35.125,0.13818359375,0.8486328125,-0.52197265625,33.91703490398954,74.60370531362328,63.25381470877034,33.74785881056607,22.77325693096611,27.17681286241488,16.279100036659788,26.81265368447999,-0.4096389669261925,-0.230391403478304,-0.4978285240192122,-0.7288912666864596,-24.8125,-10.4375,-50.75,-0.08984375,0.9091796875,0.34765625,14.826667245777102,18.301792444804228,5.762131658121524,9.933456304684972,5.085530267069927,4.499310425412944,6.079341217261525,9.117171805074994,0.3702368065712345,0.2124901364406754,-0.1959165256590797,-2.454232513664968,0.1133255000134979,2.66462998349589,0.8661693943140077,0.0404750493424096,0.0404750493424096,0.0050915294273578,0.2127516796445332,0.0100444834297412,-0.0545049040130102,0.0886329018685417,0.2713279954112867,-0.0646331304733853,0.0,0.0
74,-0.2900960445492918,-0.419061527850923,0.7437640224863601,0.4324890746215614,7.3125,-30.8125,-27.6875,0.1396484375,0.86328125,-0.4599609375,33.06505724281627,74.85893578488168,61.95343950116792,33.090328210386524,21.437609207497008,26.66935454999477,16.78752398554601,25.527295672770155,-0.4183636711729134,-0.2265449959728453,-0.497337061471637,-0.725468848903344,-13.4375,-15.3125,-53.5,-0.09326171875,0.78173828125,0.33935546875,14.554375735276544,18.550723545848868,5.619633830063485,9.013842589983415,4.728509329081059,4.332363836071447,5.782734140904552,9.119564843218686,0.3712535913529639,0.2593994607291424,-0.1939791868585667,-2.4663770332023627,0.1327238103629115,2.723547459730492,0.8519459329209508,0.0404686333939897,0.0404686333939897,0.0033558345904413,0.1546188831709966,0.0057242101151882,-0.0438430535030806,0.0611618728131793,0.1909901177555977,-0.0412704541130442,0.0,0.0
75,-0.2828367338885885,-0.4210812747296876,0.7443842914340151,0.4342648600814215,14.6875,-30.5,-27.0625,0.03662109375,0.857421875,-0.447265625,33.12405025811094,73.56921726307309,61.59881445842023,33.875089671657456,21.188366485821323,26.282914853428217,16.717724262017757,24.52082350077347,-0.4255787895600965,-0.2247212251771512,-0.4977800957481926,-0.7215248028365785,3.125,-15.625,-47.0,-0.05615234375,0.76123046875,0.3955078125,14.346621031536548,17.670912228958915,5.177448785309606,8.820813145829945,4.448472916685499,4.020656655789848,5.326126823676608,8.993633914124164,0.3716605873439028,0.2779627182797254,-0.1933308974393854,-2.4716828339473045,0.1392114891858112,2.745136267667161,0.8481726059585089,0.040494060994223,0.040494060994223,-0.0015407748862976,0.0174828874645128,0.0007793961347402,-0.0081609028952112,0.0041754535413692,0.0150795285091459,0.0010794672258565,0.0,0.0
76,-0.2745474382213944,-0.4231131262229226,0.7455751351432487,0.4355648108376768,21.125,-32.8125,-23.3125,-0.04833984375,0.84228515625,-0.4423828125,31.895683986501524,73.01847275933912,61.10421855078344,32.44494981940195,20.937093364598105,26.33918903473646,16.684982000245785,24.77883580492408,-0.4314407804289424,-0.2231969067801163,-0.498882011490476,-0.7177455903019327,9.1875,-11.375,-41.4375,-0.060546875,0.7822265625,0.43017578125,14.43869230518636,17.85882519111617,5.04058656672729,9.128641828130972,4.610083137001297,3.960908514374285,5.22349963167457,8.50324126266136,0.3713834905064719,0.2772736376046863,-0.193475021851481,-2.4714431662065506,0.1387952666308287,2.7441152442549885,0.8489608131923078,0.0403811807200399,0.0403811807200399,0.0005771528991225,-0.0094525718636384,-0.0006381887630257,0.0049223662422544,-0.0034892091921459,-0.0100352540164827,0.0031118516825855,0.0,0.0
77,-0.266974365940072,-0.4237775543488615,0.7472718706457023,0.4367173270007351,20.1875,-35.0,-17.3125,-0.005859375,0.80908203125,-0.4130859375,30.060856526281285,71.78948383370523,60.49284523027834,29.432367834210865,20.27955780261044,25.59578613378012,15.734555187770171,25.65830201056148,-0.437103171714981,-0.2211148828711779,-0.4999039485503224,-0.7142444035996122,2.0,-8.6875,-40.6875,-0.087890625,0.8232421875,0.36669921875,13.79575091423865,16.828229651941744,5.149257551550748,10.895604736866789,4.841728866084604,3.705654567193381,5.035692478298461,8.280909240871296,0.3714123094923812,0.2776721981563866,-0.1934539607973217,-2.471564277416502,0.138937841732313,2.744564683139997,0.8488564839610835,0.0407028649081994,0.0407028649081994,-0.0029281642265481,0.0079131026995369,0.0011551056661682,-0.0037168082285453,0.0022720226944575,0.0099525049581341,-0.0019717110323601,0.0,0.0
78,-0.2613015756340953,-0.4228678617129204,0.7493574968604971,0.4374558263418737,17.9375,-33.875,-10.5,0.0869140625,0.830078125,-0.39794921875,28.736644956308368,75.14071234393344,64.02671280789292,29.708879353061413,20.256876611118116,25.135731404279348,16.08179882440484,26.19883709733317,-0.4429642127709606,-0.2189187973559432,-0.5005776347681757,-0.7108300063575886,-1.6875,-11.0,-39.5,-0.12060546875,0.79931640625,0.33544921875,13.717576372810225,15.908122902316054,5.243191528476288,12.099406043049257,5.189594352002162,3.564378150949319,4.880546895500624,7.8425230693470525,0.371276551944835,0.2775702020857628,-0.1935505285944813,-2.471533828075238,0.1388894245501663,2.744457720262862,0.8489014528462233,0.0369972711969003,0.0369972711969003,0.0017353670470364,-0.0075255237498554,-0.0011129540573169,0.0024818693905205,-0.0019011238213201,-0.0106373154725823,0.0018660751225309,0.0,0.0
79,-0.2551903326148197,-0.4224281970885356,0.751288640075536,0.4381754120645278,18.3125,-31.875,-9.375,0.005859375,0.81689453125,-0.41015625,27.554571996773447,72.69236733292786,62.30914489128258,28.73626864926835,20.10320513240168,23.257200970627878,16.062318007178103,26.52222924692166,-0.4482656193148185,-0.2173889906057703,-0.5002632105546041,-0.7081925454770801,-2.4375,-13.0625,-31.5,-0.126953125,0.72216796875,0.35302734375,13.828622035131152,16.275490373245407,5.3671252325562815,12.123753969742875,5.107181003898813,3.3428625857133376,4.590304910886664,7.472606877535685,0.3712693813113792,0.2774554773291647,-0.1935354307983126,-2.4714436589856925,0.1388913078027548,2.744484877876883,0.8488978937018686,0.0315532542190069,0.0315532542190069,-0.0030754474322871,0.0027746741063546,0.0017496266230393,-0.0016956336869953,0.0024730440045022,0.0099140822535142,-0.000924642127344,0.0,0.0
80,-0.2482893817061572,-0.4224825713298968,0.7522533504248741,0.4404267891818167,9.375,-33.8125,-14.0,-0.07275390625,0.81201171875,-0.458984375,25.77351576310558,68.24621453210227,59.51264147159078,28.307479238244703,19.575894299786665,22.5420141389997,16.18178110032236,26.216913526018967,-0.4519973685034657,-0.2169050293898619,-0.5000289549215359,-0.7061314547103833,1.125,-11.6875,-21.4375,-0.11572265625,0.71630859375,0.35400390625,13.986850391410297,15.867890350770764,5.191203551911857,12.267584865881204,5.061601980439423,3.253289408755625,4.443884108625208,7.473348653250353,0.3712528590778492,0.2774415746108751,-0.1934981720287687,-2.471439511121896,0.1388995503438373,2.744557361220508,0.8488819884472099,0.0316688979136303,0.0316688979136303,0.001202797861676,0.000310496781172,-0.0014632861279054,0.0004594503916689,-0.0013295145951409,-0.0083834317740384,7.113490208444047e-05,0.0,0.0
81,-0.2426124355355725,-0.4218709822444974,0.752800447772516,0.4432330834866232,1.9375,-33.0625,-13.1875,-0.03076171875,0.80859375,-0.4599609375,26.17691950237325,66.5426640223472,57.44686323657425,26.241037803140877,18.7894601272039,21.893528645155374,15.490482264821466,26.89136388354077,-0.4547535057299469,-0.2165434758193332,-0.500161720501532,-0.7043766218801929,-0.25,-9.3125,-15.0,-0.1650390625,0.8017578125,0.34326171875,13.307365016422102,15.635259184225127,5.010311254079885,12.51142395307207,5.028434039537646,3.315900096314249,4.32207455482881,7.012997890638228,0.3713995041739307,0.2774781219970969,-0.1936677887776887,-2.471388574177409,0.1388160129169242,2.744131301963224,0.8489458788995257,0.0315464475654564,0.0315464475654564,-0.0009348874592653,-0.00511123739417,0.0003816098661442,0.0035362779444202,-9.334336884812902e-06,0.0065146977662225,-0.0009102715319709,0.0,0.0
82,-0.238776995720264,-0.4201181138912518,0.7528311516395032,0.4469133851390013,-9.1875,-30.6875,-8.625,0.0068359375,0.78955078125,-0.44580078125,27.853281388594137,63.87796718885979,53.627223370149785,23.23937136672107,17.008331960551143,20.332603984768625,14.947309672465147,26.73529902877797,-0.457856592725901,-0.2160506982470927,-0.4999681695028767,-0.7026530194685815,-2.375,-11.1875,-15.5,-0.18359375,0.81396484375,0.34423828125,11.459423149453638,13.808766420363147,4.862095233273179,12.301492449244586,5.073005392416319,3.250300385606596,4.271664256642869,6.470444202677822,0.3710550144142877,0.2772376358541445,-0.1932388363799157,-2.471375862854209,0.1389683878589175,2.745222532923088,0.8488230324670174,0.0315769258044852,0.0315769258044852,-0.0039277140081626,0.0132806751135764,0.0007882036373563,-0.0070441574534105,0.0022296942237708,-0.0029238318863882,2.421412965965928e-05,0.0,0.0
83,-0.2358435092373445,-0.4179752461846107,0.7523310286903492,0.4513009594464093,-16.0625,-27.75,-5.1875,-0.0263671875,0.80615234375,-0.43701171875,27.15305297209555,60.783958273796586,49.62382864471928,21.839964996939493,16.09999108302498,18.438186205144863,14.07958892496905,25.74422742001764,-0.4611609285254782,-0.2156885549773742,-0.49869586381441,-0.7015065792048499,-8.375,-14.0,-13.75,-0.169921875,0.78466796875,0.33203125,11.016667892034414,13.71298077070574,4.708693894215913,11.742436310330037,5.185439425453356,3.041824580242556,3.925261628199973,6.103276834864175,0.379080907348811,0.274031352076296,-0.2008444509175798,-2.466319131040265,0.1344822089977915,2.726169204076317,0.8518084953954904,0.0315677603791138,0.0315677603791138,0.0921798463778954,-0.0786473547951802,-0.0726688864161902,0.0760273618432375,-0.0463374658759847,-0.1847815866595621,0.0323633731792979,0.0,0.0
84,-0.2335895088122187,-0.4158467006892203,0.7520398061341382,0.4549105328396828,-13.1875,-23.3125,-1.4375,-0.033203125,0.76318359375,-0.4033203125,27.764027676743385,60.74321387950685,51.25243426398017,21.985596141683832,16.893855819431373,19.064851107056043,14.360068564856746,26.83957702548121,-0.4640131757094494,-0.2156199591978804,-0.4969695238461195,-0.700871670373184,-8.125,-13.625,-9.75,-0.16015625,0.78466796875,0.37744140625,10.515686623420075,13.350786000149776,4.863510014303461,11.737698382414706,5.282003038181864,3.048354608069757,4.027340409367167,6.017588922456056,0.4119602704520558,0.2394902160446029,-0.226022382804661,-2.435780529933878,0.1163530031068715,2.665875693143652,0.8633050771377457,0.0315696335782807,0.0315696335782807,0.1525363119737057,-0.1668840860530451,-0.1217497442473681,0.145684815460745,-0.0850203661480259,-0.2720308424004193,0.0607294530444388,0.0,0.0
85,-0.2319325526129506,-0.4138165017673171,0.7524990634644916,0.4568460937652461,-4.875,-17.3125,3.3125,-0.033203125,0.77001953125,-0.3994140625,27.61522773484348,62.64849768863891,53.60226964956108,22.71320417791931,16.82974648198927,19.20421549112604,15.540804955646882,27.38034354296432,-0.4662832883605334,-0.2159306641648648,-0.4954565098050799,-0.7003404102011939,-3.75,-12.625,-6.1875,-0.16650390625,0.77490234375,0.40234375,10.761507928844283,13.145417299588654,5.103915609708452,12.141286286138124,5.66040223631166,3.3664667689430607,4.548405705726199,6.253099975154908,0.4444651613476251,0.2045686807236446,-0.2525874848950525,-2.405326955941791,0.0968193458656429,2.6060028962919684,0.8776178635101238,0.031567835423983,0.031567835423983,0.1363125340699616,-0.1427731809056793,-0.1086237626715408,0.1253554177897206,-0.0813619664289321,-0.2472691317846879,0.0619292431869388,0.0,0.0
86,-0.2302832292056393,-0.4124102252166725,0.7535931701569121,0.4571485255102674,5.5,-11.8125,6.0,-0.06005859375,0.81689453125,-0.41015625,27.56084138278557,61.64654912513966,53.27613191471036,23.307171891837854,16.46326723611766,17.48734121882206,14.88654712048595,26.610634816214706,-0.4678852503205993,-0.2169752237007214,-0.4949232317831645,-0.6993254889347021,1.875,-12.375,-3.8125,-0.1689453125,0.78564453125,0.3720703125,10.48059871811358,11.949056747827406,5.2319882408814085,12.313248670749404,5.827954185833439,3.418790635487943,4.631620702165725,6.167560270421528,0.4777249603828428,0.169674635422166,-0.2792842215944764,-2.3746949052635653,0.077438502852945,2.5451196879719267,0.8928859552436315,0.0315683031781866,0.0315683031781866,0.1430233461051012,-0.1483166358454398,-0.1119582304335203,0.1307560596624671,-0.0858802390395498,-0.2618794059161653,0.0667309093196879,0.0,0.0
87,-0.2296797739144767,-0.4107746155844879,0.7551416855886011,0.4563687668239549,7.3125,-6.875,10.5625,-0.03564453125,0.81494140625,-0.4375,27.416482418096543,62.50887449252882,55.91848712457678,23.946163677512583,16.337917089047032,16.976672080358828,13.817024881472976,26.76921392808045,-0.4690454790704682,-0.2185623761289976,-0.4951069520129652,-0.6979225833664026,6.9375,-11.625,-2.75,-0.17041015625,0.83203125,0.3759765625,9.513142430322278,11.92969159980674,5.227218147409233,12.319512916728026,6.032262154787458,3.6224616932097575,4.635139317529069,5.695587640142633,0.5105555435859894,0.1348495584198209,-0.3060223103008177,-2.3441614777359314,0.0580019156133302,2.484605006040874,0.9084994775040526,0.0315670874033572,0.0315670874033572,0.1392873297304277,-0.1500936333680312,-0.1138638978130302,0.1307709795883157,-0.0839940188839709,-0.2589197098728305,0.061465017977925,0.0,0.0
88,-0.2298075943320636,-0.4087706399048685,0.7575410500013923,0.4541217800346755,11.3125,-2.5,17.75,-0.02294921875,0.76318359375,-0.447265625,27.239111069079897,64.97095580080949,58.16661017283945,24.34836972192554,16.923110318117182,17.272386743737233,13.48617373934844,27.612015218231026,-0.4701211288927997,-0.2204436605946764,-0.4954489581139489,-0.6963627262971368,10.75,-12.625,-1.0,-0.1767578125,0.76904296875,0.373046875,9.454199862750675,12.243346554754146,5.364500261638867,12.084803875402342,5.708593593996524,3.5813885940200363,4.626620677552602,5.536391398737523,0.5436600521655823,0.10010528202117,-0.3326339164708737,-2.313630176677014,0.0385431988261729,2.423595482410062,0.9230034177159184,0.0315659992106983,0.0315659992106983,0.1413682471005684,-0.1453707253081915,-0.1158232556900448,0.1262238738328168,-0.0787362110393505,-0.2595744821522296,0.0636316645832394,0.0,0.0
89,-0.2301622289289466,-0.4066138342945221,0.7597001494241844,0.4522678643233876,10.875,-1.625,19.5,-0.0478515625,0.85107421875,-0.45654296875,27.77795645545116,65.53436628187526,58.34518275986296,24.411621340203546,18.40206379834716,18.14752576825574,14.14678307237702,26.8708567756782,-0.4704899106638005,-0.223496439596684,-0.4952685983962565,-0.6952680065225082,12.375,-15.875,6.8125,-0.16015625,0.712890625,0.36083984375,9.979047339778791,12.153113982224935,5.447823160349981,11.520820403467116,5.377329982047917,3.280943300543148,4.273846802859748,5.5089615362074085,0.5766455887542771,0.0651804313925939,-0.3594861117681438,-2.283007451627002,0.0191523090392146,2.362612809840024,0.9389625688037836,0.0315662051373578,0.0315662051373578,0.1415516347302128,-0.1518150506877164,-0.1145014612979036,0.1281363251930994,-0.0816590823282519,-0.2550054615246139,0.0667731282156251,0.0,0.0
90,-0.2299862592730714,-0.404978458141409,0.7609444517933605,0.4517325649893848,5.0,-3.5625,14.0,-0.0732421875,0.912109375,-0.4853515625,28.32862926726664,65.04621654329625,57.93308547845014,24.210494080765912,19.084549474936743,17.908793702049817,14.308110313021206,26.57518879897652,-0.4696948353618189,-0.2277678177716096,-0.4950227143476758,-0.6945941945494881,14.0625,-16.3125,14.4375,-0.14111328125,0.7998046875,0.37109375,9.56993081780093,11.272708534308313,5.447575028243988,11.648406642158472,5.858703822955766,3.323898471163184,4.597719018555663,5.834173408538027,0.6097502264580573,0.0301959683619844,-0.3860920417679819,-2.252339393282785,-0.0002427976122031,2.301755265551075,0.9537523742468206,0.0315661834294801,0.0315661834294801,0.1397491909200892,-0.1459360632111866,-0.1130068596809907,0.1268913123410173,-0.0842868639683393,-0.2534395585461453,0.0576047424766759,0.0,0.0
91,-0.2307849707084605,-0.4026071586334317,0.76108378729537,0.453207724810981,-9.5625,-5.25,12.3125,-0.044921875,0.93115234375,-0.48828125,28.1347280966415,63.594564506114544,58.42905995397299,24.453134263103024,19.3662834070734,17.803226396629917,15.059600989922217,27.20538505702393,-0.4688428291816622,-0.2309426276520971,-0.494353933399045,-0.6945977921005595,4.9375,-13.25,14.6875,-0.1669921875,0.90576171875,0.37646484375,8.600026338230967,10.42676913425535,5.174309569903365,11.637930897947156,5.87078180922701,3.389428488924232,4.765647109021376,6.089121235290339,0.6427421828659893,-0.0047502282536956,-0.4129381352073259,-2.2217811540255705,-0.0198302134089473,2.240874368604449,0.9683840004711376,0.0315663137224589,0.0315663137224589,0.1385940433798078,-0.1501459887607969,-0.1114633940842115,0.1278810358102505,-0.0816484654883654,-0.2572408445328923,0.0631985849414448,0.0,0.0
92,-0.2329709444932692,-0.39941363918364,0.760619311049285,0.4556879936040733,-19.6875,-3.75,15.75,-0.0146484375,0.9091796875,-0.46923828125,29.02836921856199,65.47315631953313,60.34032657245239,24.226292526900608,19.212307516654104,17.85912997736215,14.334539339372554,26.866049543121264,-0.4691456469268373,-0.2324062213473912,-0.4920933200430712,-0.6955097947675605,-9.6875,-12.5625,10.5,-0.16943359375,0.892578125,0.37890625,8.308314755689347,10.241612605837632,5.15542346205218,11.546534947137127,6.087224337548591,3.464064611966757,4.844246325326683,5.996231302427681,0.6757803993424362,-0.0397624093313725,-0.4396560015765127,-2.191151374022818,-0.0393816555069081,2.180119436280502,0.9835939728069562,0.0315662857152046,0.0315662857152046,0.1385844966711157,-0.1465198483357795,-0.1117866785455848,0.1258869148220933,-0.080608146682845,-0.2553429859623493,0.0638492330804939,0.0,0.0
93,-0.2357240671550599,-0.3963118508642683,0.7602131684143635,0.457653820696178,-18.4375,0.0625,17.125,-0.00390625,0.8701171875,-0.43701171875,30.14194916403834,65.14112306675591,59.51637434847039,22.797157482995484,18.528673881388183,17.989776669570325,14.153509739969282,28.355434306591725,-0.4701422231179199,-0.2332095851659836,-0.4886354197432256,-0.6970043084521155,-15.6875,-14.0625,8.4375,-0.14892578125,0.80859375,0.39208984375,8.306848253208274,9.81078301943514,5.240888164380889,11.723716257970086,6.098499961672043,3.5334870264617138,4.836165192284108,6.122288962537488,0.7088787587271818,-0.074788368311394,-0.4664372176771745,-2.160467448444034,-0.0589263560331122,2.119239844045396,0.9980129039261711,0.0315663184410294,0.0315663184410294,0.1417846256977797,-0.1473141066790782,-0.1155575414274417,0.1302196179669001,-0.0824882574898065,-0.2599619674073042,0.0635311399211321,0.0,0.0
94,-0.2377355337227207,-0.3943541164011548,0.7603874914294363,0.4580147484095753,-8.3125,3.3125,15.1875,-0.02880859375,0.8583984375,-0.44970703125,29.581960047597686,63.07956889643128,58.68473916177656,23.59197499600645,19.145250187785813,18.281805475587472,14.54932617621535,26.78189412028886,-0.4704816768188762,-0.2347831120407597,-0.4858612828064695,-0.6981852876907437,-7.3125,-13.25,11.125,-0.1279296875,0.7744140625,0.4091796875,8.20954682674337,9.630561704803984,5.261771940711544,12.244181315605449,6.250041122533247,3.6361751226894072,5.135002200655543,6.321654804914368,0.7419161790124688,-0.1097377389635078,-0.4932382786184859,-2.129743096793224,-0.0782995513470324,2.058499867200194,1.0136630887319564,0.0315661398604581,0.0315661398604581,0.1353428648697169,-0.1477172449113442,-0.1115810956031755,0.1254741219436168,-0.0818984216663681,-0.2523796625801889,0.0672315424556454,0.0,0.0
95,-0.2382817573032128,-0.3932503489509734,0.761232089417436,0.4572763641689729,3.8125,1.8125,12.75,-0.05224609375,0.904296875,-0.4619140625,27.28038593542489,63.13878678960597,60.32721566216542,24.02303916507046,19.160234006221124,19.46077381681706,14.719309600069703,27.36233093250248,-0.4697552137436437,-0.237105236506958,-0.4842805795837096,-0.6989874578414904,1.375,-10.0,13.625,-0.1103515625,0.794921875,0.41845703125,8.34383707590658,10.363324645566246,5.271273357258795,12.165383410951597,6.438019889491659,3.660621307179865,5.128015765176946,6.213527103098692,0.774942062246876,-0.1448811251123772,-0.5200204705109489,-2.099035719149196,-0.0978358347984824,1.9973748760571988,1.0288752366721787,0.0315661893865658,0.0315661893865658,0.1419321366309388,-0.1468689599407809,-0.1172124501991534,0.1283255573768997,-0.0854253130611275,-0.2567776999954105,0.0617655284649363,0.0,0.0
96,-0.2387128731442006,-0.3919139244333705,0.7620378985439387,0.4568565214738791,2.5625,-0.4375,11.5625,-0.0322265625,0.94775390625,-0.47802734375,27.32245217807175,64.98932499153527,63.14899399278399,24.224670538982178,18.93495005023481,18.92824463254036,15.426528837758871,28.361453170423182,-0.4683057036158617,-0.2394322006105859,-0.4836249700836815,-0.6996205239865272,4.875,-6.25,14.625,-0.1103515625,0.8388671875,0.4013671875,8.149859661618487,9.998201562712104,5.161119485400972,11.972432878020056,6.2799588595789215,3.657284709456862,5.0391533839475935,6.132647091669735,0.8077744529957009,-0.1796238950398927,-0.5465802595860352,-2.068583207148868,-0.1172958619573903,1.9370639294843013,1.04321460149135,0.0315663010275564,0.0315663010275564,0.1353869592153539,-0.1498523724159144,-0.113221530847414,0.1267561403660597,-0.0808033596971916,-0.2514254935375931,0.0596838551500012,0.0,0.0
97,-0.240364061478209,-0.3896607842754916,0.7624142945465486,0.4572898802932305,-6.4375,-0.1875,14.1875,0.01171875,0.9404296875,-0.4755859375,25.431100296945427,60.88251581339704,59.96296285905302,23.44637726721558,19.625960798706046,17.74743649251907,14.965799366828596,27.36805307403156,-0.466898541647505,-0.2417496893419304,-0.4831331837492352,-0.7001036825148406,2.9375,-6.625,15.125,-0.12548828125,0.8603515625,0.37158203125,8.330590631269514,9.847640354653938,5.014537594739247,11.340022128308371,5.88265799906964,3.5872404601986108,4.756643080067419,6.383016249244779,0.8412297452998483,-0.2152231726896365,-0.573738563601766,-2.0375127541762867,-0.1371180075655321,1.875419755677822,1.0586039732785162,0.0315660405555852,0.0315660405555852,0.1436479832017693,-0.1470955870512057,-0.117008331437662,0.1323835111591474,-0.0833946483276391,-0.260257939699706,0.065838197558863,0.0,0.0
98,-0.2428596222593333,-0.387208203974167,0.7625145164327347,0.4578871289744958,-11.1875,2.0,15.0625,0.0439453125,0.90478515625,-0.470703125,25.245872794456226,60.00107959212031,61.35471783032002,23.407869003664256,19.676324651707223,18.432897183229144,14.135383603555322,26.86865139166623,-0.4657169937900285,-0.2441184609042214,-0.4818898418249332,-0.700925130871246,-1.5625,-9.1875,16.3125,-0.1181640625,0.865234375,0.36328125,8.16795769495472,9.8191120643518,4.586184563481259,10.893507431735737,5.694145120690553,3.475429351021249,4.580743085419944,6.445831869555417,0.8590954394440495,-0.2338028514694371,-0.5881292515626672,-2.02081530343397,-0.1475684817211098,1.8426198984589464,1.0676369438583633,0.0315663476142049,0.0315663476142049,0.1364022713538856,-0.1407546737415699,-0.1168307606584255,0.1433307349510058,-0.0866194462672609,-0.2733300460610752,0.0672006254632042,0.0,0.0
99,-0.2453700718627954,-0.3850234858981377,0.7626614547078678,0.4581462088065031,-10.5,3.8125,14.8125,0.037109375,0.87255859375,-0.470703125,25.075934576013854,61.62669317582893,62.74430112337464,24.20228471694272,19.821149956541788,19.334522094477094,14.361691564317097,26.56316572188665,-0.4648816157275856,-0.2463256139000309,-0.4800175801099463,-0.7019913803464212,-3.5625,-9.9375,14.5,-0.0869140625,0.84716796875,0.388671875,8.68526281705624,10.200420172066606,4.419446203659964,11.014036453594205,5.80026135954613,3.520540985272187,4.761870550870043,6.89199349995209,0.851899370895221,-0.2262425987417471,-0.5823063131873112,-2.027442810182172,-0.143313771383375,1.855834429850574,1.0641849083916597,0.0315660357271587,0.0315660357271587,0.1350222851047221,-0.1334908790771742,-0.1173483103513648,0.14115131419169,-0.0847481429891828,-0.2671940205182723,0.0706339454792456,0.0,0.0
